store_id,uptime_last_hour(minutes),downtime_last_hour(minutes),uptime_last_day(hours),downtime_last_day(hours),update_last_week(days),downtime_last_week(days)
8419537941919820732,60,0,24,0,7,0
54515546588432327,60,0,24,0,7,0
8377465688456570187,60,0,24,0,7,0
5955337179846162144,60,0,24,0,7,0
1169347689335808384,60,0,24,0,7,0
3739729523266121270,60,0,24,0,7,0
4430370444829587327,60,0,24,0,7,0
1912555533282230523,60,0,24,0,7,0
5489547402882838709,60,0,24,0,7,0
759601765366096871,60,0,24,0,7,0
5627904252074297008,60,0,24,0,7,0
2651685499613063745,60,0,24,0,7,0
5043046815492880667,60,0,24,0,7,0
2367299134091594697,60,0,24,0,7,0
6613902849003357359,60,0,24,0,7,0
1396650693591399695,60,0,24,0,7,0
837699569013981799,0,60,0,24,0,7
2057963137235512954,60,0,24,0,7,0
6108568838704593560,60,0,24,0,7,0
7815590034868021689,60,0,24,0,7,0
7493928216510270665,60,0,24,0,7,0
7961038966240415760,60,0,24,0,7,0
605803287923472894,60,0,24,0,7,0
5278384915350904550,60,0,24,0,7,0
8494749731668571682,60,0,24,0,7,0
4858828967449392712,60,0,24,0,7,0
7555752115160416405,60,0,24,0,7,0
8625022238145771938,60,0,24,0,7,0
4159147177864939740,60,0,24,0,7,0
8157355919956132858,60,0,24,0,7,0
3595154674145356045,60,0,24,0,7,0
5693932324957995427,60,0,24,0,7,0
8631502755712457479,60,0,24,0,7,0
7369215549436595643,60,0,24,0,7,0
5733393565264082443,60,0,24,0,7,0
4681743429609749121,60,0,24,0,7,0
2567728765809290933,60,0,24,0,7,0
284239040495575980,60,0,24,0,7,0
6656463669299127947,60,0,24,0,7,0
9184109988854973601,60,0,24,0,7,0
6031574077635056029,60,0,24,0,7,0
9111813718630350474,60,0,24,0,7,0
8750493480383302874,0,60,0,24,0,7
3048405945625600463,60,0,24,0,7,0
3983786718839842887,60,0,24,0,7,0
5047154360023757128,60,0,24,0,7,0
7933946190613920010,60,0,24,0,7,0
379226339704530410,60,0,24,0,7,0
1253356761818562621,60,0,24,0,7,0
4755926456158904833,60,0,24,0,7,0
8803894796084290585,60,0,24,0,7,0
6836033035108373086,0,60,0,24,0,7
2639750514662973687,60,0,24,0,7,0
1040732551176103056,60,0,24,0,7,0
8304911926566338483,60,0,24,0,7,0
3361278033591045661,60,0,24,0,7,0
2601623541509400542,60,0,24,0,7,0
8207758013351082541,60,0,24,0,7,0
4249300502744464539,60,0,24,0,7,0
881974164067848799,60,0,24,0,7,0
4031771205466256346,60,0,24,0,7,0
8117247589549708019,60,0,24,0,7,0
5223121655148958959,60,0,24,0,7,0
5281145666427062582,60,0,24,0,7,0
7103249743888768279,60,0,24,0,7,0
6937872202603482963,60,0,24,0,7,0
4359897525988670130,60,0,24,0,7,0
8668949117244880140,60,0,24,0,7,0
329697652999698776,60,0,24,0,7,0
2873839205725435068,60,0,24,0,7,0
1634983772484395625,60,0,24,0,7,0
8754037299794781932,60,0,24,0,7,0
8478659457975884995,60,0,24,0,7,0
3173528025538718452,60,0,24,0,7,0
1172776965412058288,60,0,24,0,7,0
8050904836920798206,60,0,24,0,7,0
3485383537492459194,60,0,24,0,7,0
7791569942019889767,60,0,24,0,7,0
7647796266115725856,60,0,24,0,7,0
7372385631979013974,60,0,24,0,7,0
1886094822273762805,60,0,24,0,7,0
1921227243936268124,60,0,24,0,7,0
2670800031826856367,60,0,24,0,7,0
2529970021684233025,60,0,24,0,7,0
3390153829311738919,60,0,24,0,7,0
2723172216807087715,60,0,24,0,7,0
3457174951287490032,60,0,24,0,7,0
1557691556894768738,60,0,24,0,7,0
4395688375231610603,60,0,24,0,7,0
3480535111316179789,0,60,0,24,0,7
8080175208160124283,60,0,24,0,7,0
4894791864539115200,60,0,24,0,7,0
6529727365761998945,60,0,24,0,7,0
2937297056410899541,60,0,24,0,7,0
7257064183173214729,60,0,24,0,7,0
3151529852031249810,60,0,24,0,7,0
8258804424046746943,60,0,24,0,7,0
6614523831540505463,60,0,24,0,7,0
1826435698432426239,60,0,24,0,7,0
4333246355539626670,60,0,24,0,7,0
4644728874609587438,60,0,24,0,7,0
646862635677872649,60,0,24,0,6,1
3762462515785465924,60,0,24,0,7,0
7150774588280614833,60,0,24,0,7,0
8345736932152836262,60,0,24,0,7,0
6807898943856172607,0,60,0,24,0,7
1666841521765803410,60,0,24,0,7,0
333363422900954809,60,0,24,0,7,0
8957614279107724771,60,0,24,0,7,0
5945586020471081479,60,0,24,0,7,0
6472421132249756772,60,0,24,0,7,0
7761606104561337031,60,0,24,0,7,0
838975604215828311,60,0,24,0,7,0
3266261351669573692,60,0,24,0,7,0
2795813457317920490,0,60,0,24,0,7
4605930245483207319,60,0,24,0,7,0
2962311335535390960,0,0,0,0,0,0
7268756666846583478,0,60,0,24,0,7
1630572092685790853,60,0,24,0,7,0
8937336970477990571,60,0,24,0,7,0
5573042382995353167,60,0,24,0,7,0
2919034318358144116,60,0,24,0,7,0
1069175913867471706,60,0,24,0,7,0
875843728245815497,60,0,24,0,7,0
674181715362434303,60,0,24,0,7,0
6919205629015311844,60,0,24,0,7,0
5833524886918537002,60,0,24,0,7,0
895776572353408414,60,0,24,0,7,0
3128372722755492220,60,0,24,0,7,0
7623827925406279462,60,0,24,0,7,0
7380452304013001940,60,0,24,0,7,0
4735020268815610999,60,0,24,0,7,0
4379354991255025015,60,0,24,0,7,0
586828640680309708,60,0,24,0,7,0
4411708924362315807,60,0,24,0,7,0
3602624699088147408,60,0,24,0,7,0
808823578625004293,60,0,24,0,7,0
4537118630493879732,60,0,24,0,7,0
6768421287930768369,60,0,24,0,7,0
5204205417198497707,60,0,24,0,7,0
6218610446218045507,60,0,24,0,7,0
4038122761946492291,60,0,24,0,7,0
4521472232575735964,60,0,24,0,7,0
6164497053337196872,60,0,24,0,7,0
2746426715779371861,60,0,24,0,7,0
3592833730880444385,60,0,24,0,7,0
6084129894248182147,60,0,24,0,7,0
2968757472314064027,60,0,24,0,7,0
6864988578947949086,60,0,24,0,7,0
2341975151855811674,60,0,24,0,7,0
1545419770545519833,60,0,24,0,7,0
3984770485507574882,60,0,24,0,7,0
6608528256001332810,60,0,24,0,7,0
2973766607541934236,60,0,24,0,7,0
4079089274955837207,60,0,24,0,7,0
4398082883008351949,60,0,24,0,7,0
8191797924941731759,60,0,24,0,7,0
2662551240879654986,60,0,24,0,7,0
6891979499390404721,60,0,24,0,7,0
6740922013757682995,60,0,24,0,7,0
7995554789749200173,60,0,24,0,7,0
7220973262594195425,60,0,24,0,7,0
2547992708873404100,60,0,24,0,7,0
4783594666522589213,60,0,24,0,7,0
3427928602063028232,60,0,24,0,7,0
3871342332526523326,60,0,24,0,7,0
4015395599881112256,60,0,24,0,7,0
1404363152012971654,60,0,24,0,7,0
2097768219460516447,60,0,24,0,7,0
504331488096931942,60,0,24,0,7,0
774816811015287446,0,60,0,24,0,7
7223258670951219118,60,0,24,0,7,0
4467068553511405146,60,0,24,0,7,0
2107578749059541867,60,0,24,0,7,0
5542499542228920905,60,0,24,0,7,0
5036997234964374401,60,0,24,0,7,0
7184588537939096369,60,0,24,0,7,0
3261499711683468740,60,0,24,0,7,0
4336560822635846731,60,0,24,0,7,0
5750671646927722816,60,0,24,0,7,0
5219832925489842912,60,0,24,0,7,0
6034454880939136883,60,0,24,0,7,0
1209276477146037485,60,0,24,0,7,0
8915497710891717822,60,0,24,0,7,0
8335674997994907960,60,0,24,0,7,0
8911368470440272064,60,0,24,0,7,0
8315395491061125019,60,0,24,0,7,0
1670544066363019946,60,0,24,0,7,0
3211772869478790020,60,0,24,0,7,0
3851218396063293521,60,0,24,0,7,0
377793925363054037,60,0,24,0,7,0
1166676227748031010,60,0,24,0,7,0
3794745111072104224,60,0,24,0,7,0
2454029148522845822,60,0,24,0,7,0
2123709446545200911,60,0,24,0,7,0
572367105408911827,60,0,24,0,7,0
4418964457147479291,60,0,24,0,7,0
2997579043198108695,60,0,24,0,7,0
438626569442631056,60,0,24,0,7,0
1300195604760986700,60,0,24,0,7,0
22284400831843180,60,0,24,0,7,0
4169529855775714048,60,0,24,0,7,0
2422785024605135486,60,0,24,0,7,0
7293080882699237692,60,0,24,0,7,0
3283492708296652331,60,0,24,0,7,0
9204962793113048005,60,0,24,0,7,0
8190956604937856935,60,0,24,0,7,0
12572597046904092,60,0,24,0,7,0
2720338911902135987,60,0,24,0,7,0
1964438083180033038,60,0,24,0,7,0
6037899105612538467,60,0,24,0,7,0
734323051093970964,60,0,24,0,7,0
3919389831997155147,60,0,24,0,7,0
5658462824509404128,60,0,24,0,7,0
8177720468539840951,60,0,24,0,7,0
5159224775776161342,60,0,24,0,7,0
6908316526509204317,60,0,24,0,7,0
3365112782906864805,60,0,24,0,7,0
869150141145156759,60,0,24,0,7,0
305363387441199517,60,0,24,0,7,0
997236235537428986,60,0,24,0,7,0
5871853780593130581,60,0,24,0,7,0
7135524174341196737,60,0,24,0,7,0
1394442644196079980,60,0,24,0,7,0
3747425348180577836,60,0,24,0,7,0
520015528942543172,60,0,24,0,7,0
2318974247451405361,60,0,24,0,7,0
7435565125869901349,60,0,24,0,7,0
7312749566689098421,60,0,24,0,7,0
2225219938220197351,60,0,24,0,7,0
4476869609123006590,60,0,24,0,7,0
4213908551193210953,60,0,24,0,7,0
1587477617198682096,60,0,24,0,7,0
6642226438879069200,60,0,24,0,7,0
4395651411285274624,60,0,24,0,7,0
8705773233781333649,60,0,24,0,7,0
6957083785738308678,60,0,24,0,7,0
3442819202743257753,60,0,24,0,7,0
8452777618327034567,60,0,24,0,7,0
8235697395119495581,60,0,24,0,7,0
3727388910970924909,60,0,24,0,7,0
9120820641756682904,60,0,24,0,7,0
763392497407400668,60,0,24,0,7,0
5101602669688294040,60,0,24,0,7,0
7086435603849754290,60,0,24,0,7,0
8259284697786574445,60,0,24,0,7,0
455892546794002902,60,0,24,0,7,0
5417817040098224708,60,0,24,0,7,0
5148120740979132855,60,0,24,0,7,0
4690649169739490101,60,0,24,0,7,0
2888096798405660999,60,0,24,0,7,0
8696038038286752423,60,0,24,0,7,0
3470900862425905960,60,0,24,0,7,0
1635446939766206435,60,0,24,0,7,0
8267923592375072933,60,0,24,0,7,0
5377438829284291498,60,0,24,0,7,0
3552741199582169178,60,0,24,0,7,0
47157457861946118,60,0,24,0,7,0
7538095597952574524,60,0,24,0,7,0
5946972083867051183,60,0,24,0,7,0
832805588784302237,60,0,24,0,7,0
8262021469770954476,60,0,24,0,7,0
8766210349431611465,60,0,24,0,7,0
5524798464292066453,60,0,24,0,7,0
4772969502332673731,60,0,24,0,7,0
789887362181120709,60,0,24,0,7,0
9180605269446109669,60,0,24,0,7,0
529576847534058093,60,0,24,0,7,0
5616679962071175485,60,0,24,0,7,0
5332157939881542521,60,0,24,0,7,0
9057426267913393193,60,0,24,0,7,0
6654163885034420297,60,0,24,0,7,0
1744483568407217219,60,0,24,0,7,0
267404321924500393,60,0,24,0,7,0
1784034335481747558,60,0,24,0,7,0
3648537204824103115,60,0,24,0,7,0
570004961483694663,60,0,24,0,7,0
6833201851828843752,60,0,24,0,7,0
1689984988800150859,60,0,24,0,7,0
3565831738235015999,60,0,24,0,7,0
6461395558733160426,60,0,24,0,7,0
1777282730371939903,60,0,24,0,7,0
1937538723965003587,60,0,24,0,7,0
1808989152641637846,60,0,24,0,7,0
3135240072047027779,60,0,24,0,7,0
6229719287924297334,60,0,24,0,7,0
7435903762580226016,60,0,24,0,7,0
173008600959739084,60,0,24,0,7,0
4565647203555971306,60,0,24,0,7,0
3138536121858156832,60,0,24,0,7,0
4061572316682445820,60,0,24,0,7,0
4670600325857127004,60,0,24,0,7,0
2540298773612420171,60,0,24,0,7,0
8856540638510260904,60,0,24,0,7,0
4766824697735125732,60,0,24,0,7,0
6434273721932976366,0,60,0,24,0,7
200167416351454357,60,0,24,0,7,0
5208458680085208410,60,0,24,0,7,0
4363173458055484635,60,0,24,0,7,0
5795061856826115010,60,0,24,0,7,0
6900503045082626780,60,0,24,0,7,0
2932579304093439013,60,0,24,0,7,0
9176290774634823041,0,60,0,24,0,7
901663360965797831,60,0,24,0,7,0
7771293565212721563,60,0,24,0,7,0
6829642666030393819,60,0,24,0,7,0
4712766658155927281,60,0,24,0,7,0
3179301914948517223,60,0,24,0,7,0
8469745967768965069,60,0,24,0,7,0
758519570375246396,60,0,24,0,7,0
2261418091905381714,60,0,24,0,7,0
1748484963257356304,60,0,24,0,7,0
1291616343717800594,60,0,24,0,7,0
2832816835981192335,60,0,24,0,7,0
6550872265195825149,60,0,24,0,7,0
554867581952741474,60,0,24,0,7,0
8008203353008736898,60,0,24,0,7,0
3575642812735682569,60,0,24,0,7,0
7232252472638076370,60,0,24,0,7,0
1312468396215948841,60,0,24,0,7,0
8656974969835091987,60,0,24,0,7,0
1280895621280357418,60,0,24,0,7,0
1168158950802293436,60,0,24,0,7,0
231472248821231732,60,0,24,0,7,0
1213381968396960584,60,0,24,0,7,0
871696124274661954,60,0,24,0,7,0
8158574425503693718,60,0,24,0,7,0
8423868630704717172,60,0,24,0,7,0
7590618677812053672,60,0,24,0,7,0
6901126760053929802,60,0,24,0,7,0
3627697585993910104,60,0,24,0,7,0
4572534727029866113,60,0,24,0,7,0
731968556305490274,60,0,24,0,7,0
7799427948315267498,60,0,24,0,7,0
6358850518527971767,60,0,24,0,7,0
2252311616296972219,60,0,24,0,7,0
191331733720214713,60,0,24,0,7,0
1192951921915455127,60,0,24,0,7,0
8722530629876555495,60,0,24,0,7,0
8085741570232635350,60,0,24,0,7,0
8549361458818026633,60,0,24,0,7,0
6278766107458876461,60,0,24,0,7,0
6031267761590356232,60,0,24,0,7,0
1738942186324521371,60,0,24,0,7,0
6270949457738422739,60,0,24,0,7,0
5819319286020376093,60,0,24,0,7,0
5642497509732673610,60,0,24,0,7,0
3747618927115039264,60,0,24,0,7,0
3248296789483413769,0,60,0,24,0,7
4047403721236143104,60,0,24,0,7,0
4248854976462323200,60,0,24,0,7,0
7424505374009570477,60,0,24,0,7,0
5014360692528129219,60,0,24,0,7,0
7782672185065414519,0,60,0,24,0,7
5789400892189485648,60,0,24,0,7,0
4749681339281475863,60,0,24,0,7,0
5895262759392115974,60,0,24,0,7,0
7062408332581606161,60,0,24,0,7,0
4461353840131243850,60,0,24,0,7,0
1829038066844761838,60,0,24,0,7,0
5812126343451879206,60,0,24,0,7,0
4045915898999171400,60,0,24,0,7,0
26346307409368308,0,60,0,24,0,7
6603168413379009589,60,0,24,0,7,0
8736571289905995723,60,0,24,0,7,0
8912355661513070122,60,0,24,0,7,0
9059665149056396283,60,0,24,0,7,0
3396099702754121941,60,0,24,0,7,0
2760430554103924395,60,0,24,0,7,0
73491667571474362,60,0,24,0,7,0
4760029431502257886,60,0,24,0,7,0
3202485347075400484,60,0,24,0,7,0
1050110736424701586,60,0,24,0,7,0
9206536213770520585,60,0,24,0,7,0
6077393195994122930,60,0,24,0,7,0
8909496802192683651,60,0,24,0,7,0
1230398065636822664,60,0,24,0,7,0
6103400722605449439,60,0,24,0,7,0
5152004392006917947,60,0,24,0,7,0
1331024213382891761,60,0,24,0,7,0
6245188236554378094,60,0,24,0,7,0
4760441459813349901,60,0,24,0,7,0
4374942605696419037,60,0,24,0,7,0
8709010151696049596,60,0,24,0,7,0
3909888823169545461,60,0,24,0,7,0
7587329580270461651,60,0,24,0,7,0
8135719774016391271,60,0,24,0,7,0
2328922577549224385,60,0,24,0,7,0
7476419808990473219,60,0,24,0,7,0
1600782661161589441,60,0,24,0,7,0
6733237055193900849,60,0,24,0,7,0
5423278778747940477,60,0,24,0,7,0
745608695776670852,60,0,24,0,7,0
6025618707296646412,60,0,24,0,7,0
350773269257067104,60,0,24,0,7,0
6607276488844666604,60,0,24,0,7,0
2801161018595246803,60,0,24,0,7,0
6243878889832386076,60,0,24,0,7,0
5583858332520846678,60,0,24,0,7,0
8014855622614823439,60,0,24,0,7,0
4745963958616336184,60,0,24,0,7,0
4572155471626501081,60,0,24,0,7,0
2236049548352526357,60,0,24,0,7,0
5291732446265576088,60,0,24,0,7,0
5584037083213462840,60,0,24,0,7,0
4980199276146020371,60,0,24,0,7,0
7377781252509249770,60,0,24,0,7,0
7728374954598545135,60,0,24,0,7,0
6145374363035992256,60,0,24,0,7,0
8561928707963262710,60,0,24,0,7,0
2027378754189802522,60,0,24,0,7,0
1479710288891933797,60,0,24,0,7,0
3806273821496549274,60,0,24,0,7,0
145837327256477189,60,0,24,0,7,0
6339005690288403970,60,0,24,0,7,0
3040496153321072897,60,0,24,0,7,0
3324627668005357668,60,0,24,0,7,0
8104581577381117993,60,0,24,0,7,0
2967049083311293817,60,0,24,0,7,0
4997502274877708127,60,0,24,0,7,0
7986888914569899535,60,0,24,0,7,0
5449809553492927759,60,0,24,0,7,0
8462971639795075772,60,0,24,0,7,0
1856951586440652574,60,0,24,0,7,0
4610282578228966959,60,0,24,0,7,0
732239489643886995,60,0,24,0,7,0
254936496134140541,60,0,24,0,7,0
3439809036631514585,60,0,24,0,7,0
6160914795278193489,60,0,24,0,7,0
5402033390565236476,60,0,24,0,7,0
3253286870470060337,60,0,24,0,7,0
3466789754048015806,60,0,24,0,7,0
8307653310468925385,60,0,24,0,7,0
2680918734581318636,60,0,24,0,7,0
6977601538313351528,60,0,24,0,7,0
38331274599366702,60,0,24,0,7,0
1964368946793610103,60,0,24,0,7,0
155188683674693066,60,0,24,0,7,0
6036187508484960615,60,0,24,0,7,0
4685220197842530426,60,0,24,0,7,0
7089229595496957470,60,0,24,0,7,0
8034091651201093074,60,0,24,0,7,0
8523052235820259321,60,0,24,0,7,0
2700861810192743230,60,0,24,0,7,0
56010561297809355,60,0,24,0,7,0
4071500638080696966,60,0,24,0,7,0
6451990592605289918,60,0,24,0,7,0
2343002123616261145,60,0,24,0,7,0
6487812767275572711,60,0,24,0,7,0
5301149089444945306,60,0,24,0,7,0
5317714401882520817,60,0,24,0,7,0
2249493758548607842,60,0,24,0,7,0
3670009556162602795,60,0,24,0,7,0
6466180143988760998,60,0,24,0,7,0
5228523973235102150,60,0,24,0,7,0
4660374052648341046,60,0,24,0,7,0
1090423191169208954,60,0,24,0,7,0
6895144407747508687,60,0,24,0,7,0
128235168101517102,60,0,24,0,7,0
1260983426069285442,60,0,24,0,7,0
6086066595348062614,60,0,24,0,7,0
2803214099910329288,60,0,24,0,7,0
3158966468489738705,60,0,24,0,7,0
5130517449043818815,0,60,0,24,0,7
3629377836720265233,60,0,24,0,7,0
5635111150622858294,60,0,24,0,7,0
5356495771739104565,0,60,0,24,0,7
4508359516931257675,60,0,24,0,7,0
1251288768714057829,60,0,24,0,7,0
3767574309250544663,0,0,0,0,0,0
1607729202353412665,0,60,0,24,0,7
5466866913508747678,60,0,24,0,7,0
2973395234192900794,60,0,24,0,7,0
1048487412286895027,60,0,24,0,7,0
5022853058829617123,60,0,24,0,7,0
5621367600401473806,60,0,24,0,7,0
7517990400651628849,60,0,24,0,7,0
3613772754770267286,60,0,24,0,7,0
1959556095538358623,60,0,24,0,7,0
6974577199006152091,60,0,24,0,7,0
5673474188305880803,60,0,24,0,7,0
4948823868582115213,60,0,24,0,7,0
2468255198237381620,60,0,24,0,7,0
3156881220641178348,60,0,24,0,7,0
2060241437292225093,60,0,24,0,7,0
7158422914384811015,60,0,24,0,7,0
4107272668504966777,60,0,24,0,7,0
1003713923115890238,60,0,24,0,7,0
4880977789944408509,60,0,24,0,7,0
550715277533068101,60,0,24,0,7,0
219695402222975151,60,0,24,0,7,0
358227328268464841,60,0,24,0,7,0
4319847457369554750,60,0,24,0,7,0
5996396065338464202,60,0,24,0,7,0
8729844805888730809,60,0,24,0,7,0
2374380461254510574,60,0,24,0,7,0
4764684213365298240,60,0,24,0,7,0
6506837768341857196,0,60,0,24,0,7
5867055107623980208,60,0,24,0,7,0
7285025333367797175,60,0,24,0,7,0
7200830230926347246,60,0,24,0,7,0
8214452947329112388,60,0,24,0,7,0
2687435974295642717,60,0,24,0,7,0
3169637474751630128,60,0,24,0,7,0
5656018764605910094,60,0,24,0,7,0
5796274302765312320,60,0,24,0,7,0
2296917342909950827,60,0,24,0,7,0
7702451367414536121,0,60,0,24,0,7
5821169641032005277,0,60,0,24,0,7
4100998700737900269,60,0,24,0,7,0
3121802272790676455,60,0,24,0,7,0
3589675671794598999,60,0,24,0,7,0
2057471321086240879,60,0,24,0,7,0
5919783007635819726,0,60,0,24,0,7
1042980416206099690,60,0,24,0,7,0
4619267007568913465,60,0,24,0,7,0
2907584799641481123,60,0,24,0,7,0
4284655483818461519,60,0,24,0,7,0
3658551642872715656,60,0,24,0,7,0
2880063332304601318,60,0,24,0,7,0
785535519923107474,60,0,24,0,7,0
3979734616819094992,60,0,24,0,7,0
8586165988377528596,60,0,24,0,7,0
7206381619567002665,60,0,24,0,7,0
2003358034507611073,60,0,24,0,7,0
1305749492512058509,60,0,24,0,7,0
438538086671316417,60,0,24,0,7,0
8664487297266015228,60,0,24,0,7,0
1663598864633213553,60,0,24,0,7,0
2030701550166610417,60,0,24,0,7,0
877141801008701934,60,0,24,0,7,0
4638405750661533115,60,0,24,0,7,0
7205070579883686215,60,0,24,0,7,0
3895431056616540077,60,0,24,0,7,0
2077618059379555920,60,0,24,0,7,0
5091709972241384490,60,0,24,0,7,0
8396227744136628622,60,0,24,0,7,0
7956927809604369858,60,0,24,0,7,0
809290249136909373,60,0,24,0,7,0
137875932477977592,60,0,24,0,7,0
1876853883705365076,60,0,24,0,7,0
2118260901698367469,60,0,24,0,7,0
7433398711719243797,60,0,24,0,7,0
5570215241536980129,60,0,24,0,7,0
7535412366097548723,60,0,24,0,7,0
8391524178313852249,60,0,24,0,7,0
3551223268508178731,60,0,24,0,7,0
8516066165731166811,60,0,24,0,7,0
6486659948271228339,60,0,24,0,7,0
7185648782998525210,60,0,24,0,7,0
8750744863323423335,60,0,24,0,7,0
9199122891375652092,60,0,24,0,7,0
2939887537077955524,60,0,24,0,7,0
621023192449568129,60,0,24,0,7,0
461925840980287263,60,0,24,0,7,0
6680458122072346069,60,0,24,0,7,0
8431870774141801196,0,60,0,24,1,6
4775082116809032380,60,0,24,0,7,0
4156739902828553236,60,0,24,0,7,0
5259619998391228814,60,0,24,0,7,0
6273637949509729534,60,0,24,0,7,0
8899336205450562990,0,60,0,24,0,7
2586280666587313237,60,0,24,0,7,0
4612886666712811009,60,0,24,0,7,0
6518644849636144914,60,0,24,0,7,0
5873288281145659541,60,0,24,0,7,0
76703009444581800,0,0,0,0,0,0
1660456745526991929,60,0,24,0,7,0
6815312201538049379,60,0,24,0,7,0
3182296056281221799,60,0,24,0,7,0
3618391040913098956,60,0,24,0,7,0
6590602991709207617,60,0,24,0,7,0
1339588905838967526,60,0,24,0,7,0
2577455701502992591,0,60,0,24,0,7
2542787824689290301,60,0,24,0,7,0
6108971205781098565,60,0,24,0,7,0
5976771470795225249,60,0,24,0,7,0
3733652216186037518,60,0,24,0,7,0
8515314761937876760,60,0,24,0,7,0
1009358099378516398,60,0,24,0,7,0
336149300159952357,60,0,24,0,7,0
807795446744791539,60,0,24,0,7,0
4532390387884227288,60,0,24,0,7,0
816558279611975380,60,0,24,0,7,0
8277191538724971492,60,0,24,0,7,0
5483322820273501352,60,0,24,0,7,0
8090405497777874220,60,0,24,0,7,0
1195863916137260984,60,0,24,0,7,0
1080245494597782861,60,0,24,0,7,0
448947650784082297,60,0,24,0,7,0
5369810155249429878,60,0,24,0,7,0
1884468051370103407,60,0,24,0,7,0
2870753273077640249,60,0,24,0,7,0
8831995632492400889,60,0,24,0,7,0
5297639967056493009,60,0,24,0,7,0
2727814058680719480,60,0,24,0,7,0
8400545152596600786,60,0,24,0,7,0
7755093122895039788,60,0,24,0,7,0
8440288822899677247,60,0,24,0,7,0
1485662334688321286,60,0,24,0,7,0
1310931151748296162,60,0,24,0,7,0
1261100259311551870,60,0,24,0,7,0
712796944451411448,60,0,24,0,7,0
1320884518253820745,60,0,24,0,7,0
8957564409329106783,60,0,24,0,7,0
168365839720755693,60,0,24,0,7,0
3733328457465971628,60,0,24,0,7,0
5514235807464272756,0,0,0,0,0,0
5520023324907295697,0,60,0,24,0,7
2322887968083387788,60,0,24,0,7,0
5748443120724306083,60,0,24,0,7,0
3511707858183177226,60,0,24,0,7,0
2096150739327584921,60,0,24,0,7,0
7789943684434476174,60,0,24,0,7,0
2179493412815945910,60,0,24,0,7,0
597170428245480144,0,60,0,24,0,7
6104774241364058349,60,0,24,0,7,0
1545869218771707853,60,0,24,0,7,0
3770336430042470748,0,0,0,0,0,0
2247627932001327418,60,0,24,0,7,0
1282771415198600294,60,0,24,0,7,0
7579895440593717695,60,0,24,0,7,0
8989743719026614525,60,0,24,0,7,0
2644506338402062871,60,0,24,0,7,0
6785999827650253725,60,0,24,0,7,0
2202891728590810295,60,0,24,0,7,0
3186178442210385316,60,0,24,0,7,0
5869381323010290454,60,0,24,0,7,0
1004567882358859299,60,0,24,0,7,0
6530251723612359488,60,0,24,0,7,0
3599251204194727910,60,0,24,0,7,0
5776222098578430506,60,0,24,0,7,0
8088407484428563722,60,0,24,0,7,0
8549121451544958621,60,0,24,0,7,0
6821485434927219013,60,0,24,0,7,0
6666138064349946058,60,0,24,0,7,0
7497560946026069583,60,0,24,0,7,0
4141749055574117942,60,0,24,0,7,0
5534221444308703797,60,0,24,0,7,0
4139118567274452639,60,0,24,0,7,0
1355447201287842379,60,0,24,0,7,0
3068321467557784877,60,0,24,0,7,0
6911306945187502945,60,0,24,0,7,0
5478544582602120015,60,0,24,0,7,0
5414449424198215116,60,0,24,0,7,0
5812184481899750171,60,0,24,0,7,0
2204171912542623654,60,0,24,0,7,0
1178964235062641776,60,0,24,0,7,0
9062987350671531531,60,0,24,0,7,0
6689038248833401652,60,0,24,0,7,0
522311278761357634,60,0,24,0,7,0
3452270805833890980,60,0,24,0,7,0
1181336060537986213,60,0,24,0,7,0
5378168601770882928,60,0,24,0,7,0
836466127358265431,60,0,24,0,7,0
707024955413042368,60,0,24,0,7,0
5181711279427446584,60,0,24,0,7,0
1007392278459573100,60,0,24,0,7,0
9037966544828433362,60,0,24,0,7,0
9169793819755412236,60,0,24,0,7,0
1057525043621726214,60,0,24,0,7,0
8330426644201661507,60,0,24,0,7,0
3943314180697878211,60,0,24,0,7,0
4645782936919163215,60,0,24,0,7,0
7695575204591590606,0,60,0,24,0,7
2602758631128177651,60,0,24,0,7,0
4738825005004186886,60,0,24,0,7,0
9209848539305894530,60,0,24,0,7,0
7738666592812526527,60,0,24,0,7,0
8168732943045393817,60,0,24,0,7,0
1135280948905249992,60,0,24,0,7,0
1858587028139759265,60,0,24,0,7,0
8179121677135007878,60,0,24,0,7,0
37936032450764521,60,0,24,0,7,0
3897569693919617914,60,0,24,0,7,0
570349855703174635,60,0,24,0,7,0
1641569296021103785,60,0,24,0,7,0
2425376330901524925,60,0,24,0,7,0
8737989936592096254,60,0,24,0,7,0
3871205184516890097,60,0,24,0,7,0
1220651511351042727,60,0,24,0,7,0
6789701734141474903,60,0,24,0,7,0
4611767704502442878,60,0,24,0,7,0
8523052011079777897,60,0,24,0,7,0
4109205414554203641,60,0,24,0,7,0
3353470995360585837,60,0,24,0,7,0
3844361742941633821,60,0,24,0,7,0
837281425604330130,60,0,24,0,7,0
3334892885118822706,60,0,24,0,7,0
8001941480548707914,60,0,24,0,7,0
778961686365015669,60,0,24,0,7,0
4126778906398997665,60,0,24,0,7,0
1451852806427843383,60,0,24,0,7,0
1214879170516829229,60,0,24,0,7,0
4497761049485193466,60,0,24,0,7,0
2804032595320331573,60,0,24,0,7,0
9038640287810734523,60,0,24,0,7,0
8368770618718254725,60,0,24,0,7,0
9075030208456793690,60,0,24,0,7,0
9025168436774560974,60,0,24,0,7,0
6754146361723599621,60,0,24,0,7,0
5368456445678819655,60,0,24,0,7,0
8095993786430257127,60,0,24,0,7,0
3334727978018006518,60,0,24,0,7,0
8583748151262022025,60,0,24,0,7,0
6522439880587126670,60,0,24,0,7,0
9107800180791185858,60,0,24,0,7,0
4256971792296027056,60,0,24,0,7,0
8258696370694702742,60,0,24,0,7,0
5456517361585976886,60,0,24,0,7,0
3568558142885236076,60,0,24,0,7,0
6840281832376152380,60,0,24,0,7,0
2669539681763397123,60,0,24,0,7,0
8911685494020612523,60,0,24,0,7,0
7469108739089752722,60,0,24,0,7,0
7952695095965355799,60,0,24,0,7,0
5842001030832718549,60,0,24,0,7,0
2793102892543988097,60,0,24,0,7,0
7301074743612607953,60,0,24,0,7,0
8104486275502442289,60,0,24,0,7,0
5101815920233266877,60,0,24,0,7,0
2472102903352920424,60,0,24,0,7,0
6197489390472179450,60,0,24,0,7,0
1396479586201697405,60,0,24,0,7,0
4249719222315098828,60,0,24,0,7,0
6710491762125729960,60,0,24,0,7,0
5038472250835572550,60,0,24,0,7,0
6085854147329875769,60,0,24,0,7,0
8726645090274973766,60,0,24,0,7,0
4883424452075768181,60,0,24,0,7,0
5075622005126037156,60,0,24,0,7,0
4959010469620395373,60,0,24,0,7,0
7835778529962141524,60,0,24,0,7,0
1849049406871518816,60,0,24,0,7,0
3069958946749764779,60,0,24,0,7,0
2150825600306802918,60,0,24,0,7,0
6452192800032147861,60,0,24,0,7,0
846113665999561099,60,0,24,0,7,0
5256836027167202551,60,0,24,0,7,0
6365127066605627348,60,0,24,0,7,0
2147785662314230524,60,0,24,0,7,0
5845177935665108638,60,0,24,0,7,0
5217365570511376199,60,0,24,0,7,0
1656497078638161524,60,0,24,0,7,0
5059963425429966338,60,0,24,0,7,0
4685930955531227474,60,0,24,0,7,0
1101491908644610994,60,0,24,0,7,0
6123134674757720604,60,0,24,0,7,0
7473650391330331551,60,0,24,0,7,0
8648927521389910305,60,0,24,0,7,0
8353391145883784791,60,0,24,0,7,0
7663027882656773648,60,0,24,0,7,0
468220492602308428,60,0,24,0,7,0
2959159932157163101,60,0,24,0,7,0
9065258809385046852,60,0,24,0,7,0
4780221754594120444,60,0,24,0,7,0
3814437533999030833,60,0,24,0,7,0
7542222941003683444,60,0,24,0,7,0
1075887371819081196,60,0,24,0,7,0
2822784526370905029,60,0,24,0,7,0
7025781164473112289,60,0,24,0,7,0
7282330070473962428,60,0,24,0,7,0
4646074447605657924,60,0,24,0,7,0
911629797654781918,60,0,24,0,7,0
8913578703139896605,60,0,24,0,7,0
3127802219485857742,60,0,24,0,7,0
3590870597372017890,0,60,0,24,0,7
8923746091733935337,60,0,24,0,7,0
3626560366438412927,60,0,24,0,7,0
4927957739278608509,60,0,24,0,7,0
2254195164473579395,60,0,24,0,7,0
988091571820195154,60,0,24,0,7,0
7612500326052261438,60,0,24,0,7,0
5108969979066264363,60,0,24,0,7,0
5630432795445298111,60,0,24,0,7,0
5515279894604619477,60,0,24,0,7,0
6315590058800439048,60,0,24,0,7,0
4971368740552961367,60,0,24,0,7,0
7465353201674280800,60,0,24,0,7,0
5791234829650649715,60,0,24,0,7,0
6417442012241237574,60,0,24,0,7,0
7649760999742649319,60,0,24,0,7,0
8056535549079348007,60,0,24,0,7,0
1121349216754706654,60,0,24,0,7,0
6262781561077279471,60,0,24,0,7,0
625693576506770342,60,0,24,0,7,0
6771988102864794864,60,0,24,0,7,0
7400459627114964748,60,0,24,0,7,0
2720102999717457948,60,0,24,0,7,0
1393227882155458068,60,0,24,0,7,0
6812121993537311726,60,0,24,0,7,0
7190910159572724913,60,0,24,0,7,0
2740268051178659811,60,0,24,0,7,0
7362303623926084904,60,0,24,0,7,0
5399263583390375800,60,0,24,0,7,0
6703847695782874497,60,0,24,0,7,0
5643892817541922941,60,0,24,0,7,0
1366714485582348167,60,0,24,0,7,0
1152753082208387935,60,0,24,0,7,0
4518233183474396,60,0,24,0,7,0
1419314642800020538,60,0,24,0,7,0
7538600019390481443,60,0,24,0,7,0
6101467474613551716,60,0,24,0,7,0
8846734757761237644,60,0,24,0,7,0
1039561743854937175,60,0,24,0,7,0
1682487052930747014,60,0,24,0,7,0
97178307441486002,60,0,24,0,7,0
663034937572544197,60,0,24,0,7,0
9199670961575062207,0,0,0,0,0,0
6727132511474782202,60,0,24,0,7,0
5915500937269892277,60,0,24,0,7,0
1328573077364790734,60,0,24,0,7,0
1188316184133981335,60,0,24,0,7,0
2856760573082275493,60,0,24,0,7,0
4245142334790537370,60,0,24,0,7,0
3401619784475316037,60,0,24,0,7,0
317582422283248435,60,0,24,0,7,0
2343433192993580670,60,0,24,0,7,0
2897157993883793993,60,0,24,0,7,0
1262392092380291562,60,0,24,0,7,0
7743159519557964912,60,0,24,0,7,0
1021872076660489708,60,0,24,0,7,0
3558549506969926569,60,0,24,0,7,0
6078027222447240768,60,0,24,0,7,0
6628144785915632941,60,0,24,0,7,0
5469025753830301868,60,0,24,0,7,0
7667874279497279722,60,0,24,0,7,0
1073576646108301626,60,0,24,0,7,0
3553402015901730664,60,0,24,0,7,0
7269914809297386201,60,0,24,0,7,0
2996368959037923145,60,0,24,0,7,0
2502016972363420524,60,0,24,0,7,0
4891207584054151295,60,0,24,0,7,0
3520520868285375708,60,0,24,0,7,0
5295126749650047836,60,0,24,0,7,0
1789045215640796557,60,0,24,0,7,0
4623226613909891313,60,0,24,0,7,0
3438387997020198767,60,0,24,0,7,0
5116546631172292398,60,0,24,0,7,0
3635195553081907676,60,0,24,0,7,0
186782073132835914,60,0,24,0,7,0
3776128726109751908,60,0,24,0,7,0
5428600892837075029,60,0,24,0,7,0
6627556682658863824,60,0,24,0,7,0
7649308554207731644,60,0,24,0,7,0
3746977410893363659,60,0,24,0,7,0
4448610765855439068,60,0,24,0,7,0
3357928618176504050,60,0,24,0,7,0
2788526996376915850,60,0,24,0,7,0
6502156961813337770,60,0,24,0,7,0
1464297459934128667,60,0,24,0,7,0
9222367421889482050,60,0,24,0,7,0
8042276160439219301,60,0,24,0,7,0
7431772691447107601,60,0,24,0,7,0
5007880440477590951,60,0,24,0,7,0
5857383362689775783,60,0,24,0,7,0
1315339373260034579,60,0,24,0,7,0
8862127067265693265,60,0,24,0,7,0
3485173471183331720,60,0,24,0,7,0
7411808757846896118,60,0,24,0,7,0
6960697131729121295,60,0,24,0,7,0
3395977452844720098,60,0,24,0,7,0
5637359484422798898,60,0,24,0,7,0
1129596624342748847,60,0,24,0,7,0
2835012025711616261,60,0,24,0,7,0
3732357207221037622,60,0,24,0,7,0
7602854667803633986,60,0,24,0,7,0
5838930406506915354,60,0,24,0,7,0
8054766691200204910,60,0,24,0,7,0
2202917555001880590,60,0,24,0,7,0
1970143747010347035,60,0,24,0,7,0
2841406270177587337,60,0,24,0,7,0
7214431665336720985,60,0,24,0,7,0
6928848890303506377,60,0,24,0,7,0
7707800654103542089,60,0,24,0,7,0
4674345214276231787,60,0,24,0,7,0
5002848469100396071,60,0,24,0,7,0
7877977105948460397,60,0,24,0,7,0
422095329085009175,60,0,24,0,7,0
3031557750631284456,60,0,24,0,7,0
2093785541953693714,60,0,24,0,7,0
955537157727089805,60,0,24,0,7,0
4137810924653030958,60,0,24,0,7,0
8232727261030812589,60,0,24,0,7,0
1646426415143970619,60,0,24,0,7,0
6222528983905656116,60,0,24,0,7,0
1575526727824115676,60,0,24,0,7,0
1210751661822288915,60,0,24,0,7,0
5804979589154214468,60,0,24,0,7,0
4828866459850659064,60,0,24,0,7,0
1891735523940229622,60,0,24,0,7,0
7421407536615181179,60,0,24,0,7,0
7826375907599025889,60,0,24,0,7,0
4442246927401061862,60,0,24,0,7,0
5268477684210860397,60,0,24,0,7,0
6397611802326616647,60,0,24,0,7,0
7472779155913246382,60,0,24,0,7,0
7596884334478659350,0,0,0,0,0,0
5707284313471389634,60,0,24,0,7,0
7016726686668216774,60,0,24,0,7,0
6869651896272471424,60,0,24,0,7,0
6109318401155362039,60,0,24,0,7,0
8882933735809555215,60,0,24,0,7,0
1469098743370612299,60,0,24,0,7,0
7580692600123664796,60,0,24,0,7,0
678726307277051298,60,0,24,0,7,0
6337286644149060210,60,0,24,0,7,0
541109969542481625,60,0,24,0,7,0
5175069132751814351,60,0,24,0,7,0
524292214718488644,60,0,24,0,7,0
892812251689642638,60,0,24,0,7,0
1919202558210319404,60,0,24,0,7,0
599471361420330580,60,0,24,0,7,0
43238966542773561,60,0,24,0,7,0
2329160894721073720,60,0,24,0,7,0
4907255331577181292,60,0,24,0,7,0
842240514556507680,60,0,24,0,7,0
910413961563484055,60,0,24,0,7,0
7116369031309234753,60,0,24,0,7,0
5836681102004483657,60,0,24,0,7,0
5119693176796575428,60,0,24,0,7,0
5692403791547114243,60,0,24,0,7,0
8222202311465029229,60,0,24,0,7,0
6196557230423724944,60,0,24,0,7,0
6082960386530651837,60,0,24,0,7,0
3684492771890320428,60,0,24,0,7,0
1294781955896528432,60,0,24,0,7,0
2977825054377103667,60,0,24,0,7,0
3273338179787840582,60,0,24,0,7,0
6981065511606584176,60,0,24,0,7,0
4581996310120046851,60,0,24,0,7,0
1209402228564517444,60,0,24,0,7,0
3981100817087735334,60,0,24,0,7,0
4113789786207506299,60,0,24,0,7,0
3243389630626839262,60,0,24,0,7,0
4539187922868363045,60,0,24,0,7,0
2216180254025172554,60,0,24,0,7,0
6745596264057716490,60,0,24,0,7,0
5827091226490329623,60,0,24,0,7,0
6152333929739112501,60,0,24,0,7,0
1450360021688844325,60,0,24,0,7,0
5825561552710096629,60,0,24,0,7,0
3388156940583061838,60,0,24,0,7,0
578506771756281518,60,0,24,0,7,0
2960401253651836940,60,0,24,0,7,0
5016139264379320832,60,0,24,0,7,0
1591022524509006107,60,0,24,0,7,0
6277756053786415931,60,0,24,0,7,0
5542380022748865470,60,0,24,0,7,0
8414900422167477001,60,0,24,0,7,0
5833125548687597383,60,0,24,0,7,0
4265412792828948430,60,0,24,0,7,0
3619294655848144949,60,0,24,0,7,0
1817418090065887322,60,0,24,0,7,0
5590545370900166534,60,0,24,0,7,0
7805565389517360330,60,0,24,0,7,0
8318996338702259780,60,0,24,0,7,0
644739221751599866,60,0,24,0,7,0
778281888660867776,60,0,24,0,7,0
6801575961410839005,60,0,24,0,7,0
67717500383842441,60,0,24,0,7,0
4294796976390641784,60,0,24,0,7,0
2113681152973541964,60,0,24,0,7,0
5934756706876462824,60,0,24,0,7,0
247628394492274140,60,0,24,0,7,0
5599254935946311875,60,0,24,0,7,0
4346085466610878198,60,0,24,0,7,0
3173335486294302822,60,0,24,0,7,0
4513007105171930235,60,0,24,0,7,0
9056103070852694750,60,0,24,0,7,0
333184290404283337,60,0,24,0,7,0
1842690252125283102,60,0,24,0,7,0
422847254610659449,60,0,24,0,7,0
3616031551278990474,60,0,24,0,7,0
2918444581685698204,60,0,24,0,7,0
3479786828420678892,60,0,24,0,7,0
7583660324232359666,60,0,24,0,7,0
7967140937926533091,60,0,24,0,7,0
6241718533828218004,60,0,24,0,7,0
6105565215873239314,0,60,0,24,0,7
3078298048079012992,60,0,24,0,7,0
1789631946739158421,60,0,24,0,7,0
2062632175994588271,60,0,24,0,7,0
8056381238752548021,60,0,24,0,7,0
7121128704779777320,60,0,24,0,7,0
7874595094270273187,60,0,24,0,7,0
313197198264667562,60,0,24,0,7,0
8907409984317187696,60,0,24,0,7,0
3252596979112225136,60,0,24,0,7,0
3439449950372167830,60,0,24,0,7,0
8575269598190578822,60,0,24,0,7,0
2307557369959650683,60,0,24,0,7,0
3928420091741133278,60,0,24,0,7,0
3831047551770936136,60,0,24,0,7,0
7963559274370048536,60,0,24,0,7,0
1686530356403499403,60,0,24,0,7,0
542125645716300828,60,0,24,0,7,0
7030668286999776284,60,0,24,0,7,0
7958382763060297244,60,0,24,0,7,0
2074334215216754526,60,0,24,0,7,0
5553157613094312622,60,0,24,0,7,0
6396563192294326228,60,0,24,0,7,0
4463732466727475733,60,0,24,0,7,0
8530628936809393607,60,0,24,0,7,0
3458202385375573928,60,0,24,0,7,0
7614940600032932204,60,0,24,0,7,0
6654295626115200473,60,0,24,0,7,0
8464563285164712952,60,0,24,0,7,0
56380181158657935,60,0,24,0,7,0
1003200614770244799,60,0,24,0,7,0
1296917469326826728,60,0,24,0,7,0
5217634642419629780,60,0,24,0,7,0
377173923063790609,0,0,0,0,0,0
2490694860980692455,60,0,24,0,7,0
3524792540315712946,60,0,24,0,7,0
7013271434412051301,60,0,24,0,7,0
2810290175073288531,60,0,24,0,7,0
6832191002953046331,60,0,24,0,7,0
7974186673069977466,60,0,24,0,7,0
1371971221718848145,60,0,24,0,7,0
2456592448194689365,60,0,24,0,7,0
889091632906055760,60,0,24,0,7,0
3581960394101724719,60,0,24,0,7,0
8524384268681610450,60,0,24,0,7,0
8649146370484144834,60,0,24,0,7,0
1590182733727938220,60,0,24,0,7,0
3086521573885255259,60,0,24,0,7,0
7467108739994697473,60,0,24,0,7,0
3124225885387105058,60,0,24,0,7,0
8885414458619702085,60,0,24,0,7,0
4322266895491732641,60,0,24,0,7,0
2378834470095357297,60,0,24,0,7,0
226384701555673146,60,0,24,0,7,0
4909699599609504534,60,0,24,0,7,0
2895381846890460223,60,0,24,0,7,0
6346860309109709465,60,0,24,0,7,0
6327459314678320803,60,0,24,0,7,0
5856713553754135846,60,0,24,0,7,0
5704365908807155452,60,0,24,0,7,0
4803451583761986267,60,0,24,0,7,0
5577722409796050275,60,0,24,0,7,0
3436949144990419524,60,0,24,0,7,0
8352284937490449741,60,0,24,0,7,0
8647024396288007714,60,0,24,0,7,0
1492798700578869881,60,0,24,0,7,0
7023326669299059067,60,0,24,0,7,0
3965451178459812076,60,0,24,0,7,0
4419000960163896692,60,0,24,0,7,0
7562603514970763933,60,0,24,0,7,0
8221455393357959939,60,0,24,0,7,0
8179356642666136801,60,0,24,0,7,0
4004615872198583011,60,0,24,0,7,0
474428085217571404,60,0,24,0,7,0
8349337405318481717,60,0,24,0,7,0
5992005353632627487,60,0,24,0,7,0
125934946912374861,60,0,24,0,7,0
4574976541732138677,60,0,24,0,7,0
3601389039105722172,60,0,24,0,7,0
7914174050416515275,60,0,24,0,7,0
5219461104801722552,60,0,24,0,7,0
285718313949142954,60,0,24,0,7,0
1762118160451132048,60,0,24,0,7,0
7484921340121126919,60,0,24,0,7,0
4302268421022955203,60,0,24,0,7,0
2953653096791654064,60,0,24,0,7,0
8284419975823451193,60,0,24,0,7,0
4229534553524953507,60,0,24,0,7,0
6511441932735915963,60,0,24,0,7,0
4276130837793847765,60,0,24,0,7,0
9141177828489027689,60,0,24,0,7,0
7169308046340245467,60,0,24,0,7,0
801098314922068380,60,0,24,0,7,0
6613687481235804138,60,0,24,0,7,0
8234802789072590590,60,0,24,0,7,0
1292451605174320093,60,0,24,0,7,0
3922330992491482279,60,0,24,0,7,0
8447925108740952771,0,60,0,24,0,7
1995940797507699317,60,0,24,0,7,0
638275985104482773,60,0,24,0,7,0
8161249737473101263,60,0,24,0,7,0
7946790431636627927,60,0,24,0,7,0
7409811026710436853,60,0,24,0,7,0
7560763264970675952,60,0,24,0,7,0
3105924853113370630,60,0,24,0,7,0
3674754113822998887,60,0,24,0,7,0
518555977350593592,60,0,24,0,7,0
6206432863734816806,60,0,24,0,7,0
8490073638559834901,60,0,24,0,7,0
8476187759645322431,60,0,24,0,7,0
4094271283562459059,0,60,0,24,0,7
8141350446314116872,60,0,24,0,7,0
2101898204975527848,60,0,24,0,7,0
320491314504503293,60,0,24,0,7,0
4928102158213913614,0,0,0,0,0,0
3797225080614433978,60,0,24,0,7,0
968932669103961581,0,60,0,24,0,7
6199750619048672323,0,60,0,24,0,7
8672482905256302952,60,0,24,0,7,0
1091945810399721896,60,0,24,0,7,0
3207936275085636287,60,0,24,0,7,0
6243141878926839723,60,0,24,0,7,0
5278698696648217233,60,0,24,0,7,0
3108288466442474985,60,0,24,0,7,0
6909949213476034361,60,0,24,0,7,0
6955943070340956386,60,0,24,0,7,0
6190314358858119083,60,0,24,0,7,0
1487592364035882156,60,0,24,0,7,0
7247998166617158845,60,0,24,0,7,0
3685497449056565539,60,0,24,0,7,0
2826891986735090666,60,0,24,0,7,0
8024118650329910750,60,0,24,0,7,0
4677369758338532790,60,0,24,0,7,0
2235757724417334351,60,0,24,0,7,0
5681286742850355378,60,0,24,0,7,0
803265990180573432,60,0,24,0,7,0
5326692589277424912,60,0,24,0,7,0
8204802052972909326,60,0,24,0,7,0
3967308403807969669,60,0,24,0,7,0
9069506421887062097,60,0,24,0,7,0
2712896568790981573,60,0,24,0,7,0
1512963809481624562,60,0,24,0,7,0
4854080110803638034,60,0,24,0,7,0
5590194849938294735,60,0,24,0,7,0
8681864568424702963,60,0,24,0,7,0
9199948406818498463,60,0,24,0,7,0
7494300548552976434,60,0,24,0,7,0
7217165329319252476,60,0,24,0,7,0
2120739820108973048,60,0,24,0,7,0
5657294792659223889,60,0,24,0,7,0
7490086744242095178,60,0,24,0,7,0
2126569572325536294,60,0,24,0,7,0
6893698645586753370,60,0,24,0,7,0
6535001703104488052,60,0,24,0,7,0
8004746081868691909,60,0,24,0,7,0
3550128462248898105,60,0,24,0,7,0
1558465158996705223,60,0,24,0,7,0
4128807293034326195,60,0,24,0,7,0
6701284235685080538,60,0,24,0,7,0
1649129618314530272,60,0,24,0,7,0
107274698920910512,60,0,24,0,7,0
3247467178930873213,60,0,24,0,7,0
5094144720037804964,60,0,24,0,7,0
7005928907160475819,60,0,24,0,7,0
5158951550991853002,60,0,24,0,7,0
8078387914319521447,60,0,24,0,7,0
7132943144591704344,60,0,24,0,7,0
7566629689163092132,60,0,24,0,7,0
2472200369622349061,60,0,24,0,7,0
9180101437726142808,60,0,24,0,7,0
4833167438922823535,60,0,24,0,7,0
3488345411019588971,60,0,24,0,7,0
8368406563180563970,60,0,24,0,7,0
8444136742823051302,60,0,24,0,7,0
8625481719089843404,60,0,24,0,7,0
4019015599526412406,60,0,24,0,7,0
216716787515611232,60,0,24,0,7,0
3429843443720872073,60,0,24,0,7,0
827601020201986063,60,0,24,0,7,0
834923670257554083,60,0,24,0,7,0
3518981871118927038,60,0,24,0,7,0
6171918309932228660,60,0,24,0,7,0
7146604213561761992,60,0,24,0,7,0
7844099077992915628,60,0,24,0,7,0
1567552817519038144,60,0,24,0,7,0
8513682672913432560,60,0,24,0,7,0
3595695187666732104,60,0,24,0,7,0
978662904734234369,60,0,24,0,7,0
7995696325445055634,60,0,24,0,7,0
6661220041182073323,60,0,24,0,7,0
439661526512216740,60,0,24,0,7,0
8642716421544277989,60,0,24,0,7,0
5588208013269746483,60,0,24,0,7,0
2059108713423064392,60,0,24,0,7,0
5721399129915113367,60,0,24,0,7,0
8596918145690086619,60,0,24,0,7,0
3476567975186060794,60,0,24,0,7,0
2902464163495727341,60,0,24,0,7,0
5793938162326382521,60,0,24,0,7,0
8267536949834239459,60,0,24,0,7,0
2632216845004136149,60,0,24,0,7,0
7279335395577594598,60,0,24,0,7,0
5930941559911155974,60,0,24,0,7,0
5620695598604185448,60,0,24,0,7,0
7746550245593796239,60,0,24,0,7,0
7264184604651353082,60,0,24,0,7,0
1919874817733050952,60,0,24,0,7,0
5060957219290312913,60,0,24,0,7,0
3569389329630528373,60,0,24,0,7,0
247257093746400410,60,0,24,0,7,0
4602355794979857942,60,0,24,0,7,0
2338995753007502840,60,0,24,0,7,0
5314581943197671045,60,0,24,0,7,0
1428041801947596153,60,0,24,0,7,0
4090851691588924637,60,0,24,0,7,0
5865498000145080860,60,0,24,0,7,0
7152498101137474878,60,0,24,0,7,0
7250836057229985824,60,0,24,0,7,0
6942699874578630879,60,0,24,0,7,0
271958967638533554,60,0,24,0,7,0
1809412484919932951,60,0,24,0,7,0
5532963948116431220,60,0,24,0,7,0
37902066963120367,60,0,24,0,7,0
3630372629238271078,60,0,24,0,7,0
3681929269050303951,60,0,24,0,7,0
827946720274465962,60,0,24,0,7,0
4688281890086374393,60,0,24,0,7,0
2507881496074676891,60,0,24,0,7,0
2431909550862102904,60,0,24,0,7,0
7535645748838073447,60,0,24,0,7,0
7659810375831230380,60,0,24,0,7,0
7444716675586660524,60,0,24,0,7,0
226728173686183326,60,0,24,0,7,0
4727462204814959478,60,0,24,0,7,0
2136241981543328822,60,0,24,0,7,0
6908096606924933643,60,0,24,0,7,0
7868756777240295930,60,0,24,0,7,0
5710310374298398016,60,0,24,0,7,0
3440027737071267605,60,0,24,0,7,0
8326358143864023931,60,0,24,0,7,0
348393327834868246,60,0,24,0,7,0
5399026350784499156,60,0,24,0,7,0
5792547200378452098,60,0,24,0,7,0
8544584557877468391,60,0,24,0,7,0
5927419642747746600,0,60,0,24,0,7
1324681203567490082,60,0,24,0,7,0
1026215891482405791,0,60,0,24,0,7
5247681795808998187,60,0,24,0,7,0
1885324789411794111,60,0,24,0,7,0
1073777312888924212,60,0,24,0,7,0
595327076069621776,60,0,24,0,7,0
2677415097765332649,60,0,24,0,7,0
1259520449529996861,60,0,24,0,7,0
4237786782032359529,60,0,24,0,7,0
6950449927884368545,60,0,24,0,7,0
600699108575030362,0,60,0,24,0,7
7942275477999027758,60,0,24,0,7,0
8930821394916903632,60,0,24,0,7,0
6983020396610116370,60,0,24,0,7,0
4656575022675922204,60,0,24,0,7,0
4323093833613948569,60,0,24,0,7,0
8032358060968887449,60,0,24,0,7,0
422048993053499733,60,0,24,0,7,0
7669040490108017952,60,0,24,0,7,0
4818468347968365846,60,0,24,0,7,0
8974260325261547099,60,0,24,0,7,0
7039599947618876202,60,0,24,0,7,0
2049846545876968842,60,0,24,0,7,0
5374596891700680328,60,0,24,0,7,0
4209037453844470790,60,0,24,0,7,0
7900770193796261945,60,0,24,0,7,0
4292231820522177945,60,0,24,0,7,0
8088339101039039426,60,0,24,0,7,0
4181601143267258410,60,0,24,0,7,0
494632464277657045,60,0,24,0,7,0
4269310395329771562,60,0,24,0,7,0
8047519486931112223,60,0,24,0,7,0
3789156511694193280,60,0,24,0,7,0
8775179075535049751,60,0,24,0,7,0
3123081684879141565,60,0,24,0,7,0
8251284056284742094,60,0,24,0,7,0
5510468561046480493,60,0,24,0,7,0
2232813823426768775,60,0,24,0,7,0
1029676627360251501,60,0,24,0,7,0
3333186489632460799,60,0,24,0,7,0
7005157543601773150,60,0,24,0,7,0
2747572519100114614,60,0,24,0,7,0
433914981197941777,60,0,24,0,7,0
5329819383647894497,60,0,24,0,7,0
1758856469274535983,60,0,24,0,7,0
8460746871951091133,60,0,24,0,7,0
3222120889073296305,60,0,24,0,7,0
7304952626670557824,60,0,24,0,7,0
1814273048523919787,60,0,24,0,7,0
6251732870136769916,60,0,24,0,7,0
4139052936730636238,60,0,24,0,7,0
8389260478227146207,60,0,24,0,7,0
6519178402325877780,60,0,24,0,7,0
1867433872690740549,60,0,24,0,7,0
438787731138409718,60,0,24,0,7,0
4982577192363016343,60,0,24,0,7,0
7989824650641423384,60,0,24,0,7,0
1005454408747305679,60,0,24,0,7,0
2402546386420816246,60,0,24,0,7,0
5354197184395760290,60,0,24,0,7,0
8666463809260355187,60,0,24,0,7,0
3722598133381078210,60,0,24,0,7,0
6979957995174483666,60,0,24,0,7,0
5817171213196993583,60,0,24,0,7,0
6525516858644017464,60,0,24,0,7,0
5602552486972634883,60,0,24,0,7,0
5917727738261031768,60,0,24,0,7,0
8808827081340815071,60,0,24,0,7,0
6477385933016777519,60,0,24,0,7,0
7489983233589139014,60,0,24,0,7,0
3555294449315432436,60,0,24,0,7,0
8491937865468591547,60,0,24,0,7,0
1332279707675622725,60,0,24,0,7,0
4729055151245684497,60,0,24,0,7,0
6220958402265930594,0,60,0,24,0,7
565094336971198550,60,0,24,0,7,0
9192740648479719366,60,0,24,0,7,0
4156167536462491174,60,0,24,0,7,0
4457093454605721682,60,0,24,0,7,0
849523590043996337,60,0,24,0,7,0
6110066700602051619,60,0,24,0,7,0
7385488550386145369,60,0,24,0,7,0
7865579702956186869,0,0,0,0,0,0
5824500005946763650,60,0,24,0,7,0
8723199013293912151,60,0,24,0,7,0
1322452402311950477,60,0,24,0,7,0
6832969320952479370,60,0,24,0,7,0
8681800415979794330,60,0,24,0,7,0
1707600546456035178,60,0,24,0,7,0
3158140630005148780,60,0,24,0,7,0
1466694428342709082,0,60,0,24,0,7
8591996846305597780,60,0,24,0,7,0
8565968654159342649,60,0,24,0,7,0
3324057671529967643,60,0,24,0,7,0
2047042014148422226,60,0,24,0,7,0
4705685643865001597,0,60,0,24,0,7
6423390234262998756,60,0,24,0,7,0
8263358759535098729,60,0,24,0,7,0
1371997620756405325,60,0,24,0,7,0
1060179255899616212,60,0,24,0,7,0
6603355836782015379,60,0,24,0,7,0
2429826638627036652,60,0,24,0,7,0
860810221363020539,60,0,24,0,7,0
4021748929229157719,60,0,24,0,7,0
6217204567337232985,0,60,0,24,0,7
4683960097136842751,60,0,24,0,7,0
6555013476394316966,60,0,24,0,7,0
7064982264177258193,60,0,24,0,7,0
8826154421260372565,60,0,24,0,7,0
1558584726932930394,60,0,24,0,7,0
1402815702703175099,0,60,0,24,0,7
7785682454003497463,60,0,24,0,7,0
2019667357360009679,60,0,24,0,7,0
980383407109704750,60,0,24,0,7,0
3947578156990741755,60,0,24,0,7,0
5654260221324432960,60,0,24,0,7,0
2055071994723370614,60,0,24,0,7,0
1552357708124022142,60,0,24,0,7,0
3061344743089708812,60,0,24,0,7,0
1652496053659792779,60,0,24,0,7,0
3154670512503268578,60,0,24,0,7,0
4197415161025199006,60,0,24,0,7,0
1095317074200225605,60,0,24,0,7,0
2648464785159803463,60,0,24,0,7,0
5038987348045204944,60,0,24,0,7,0
5708216178017926721,60,0,24,0,7,0
8259922823001485349,60,0,24,0,7,0
1158893268168195549,60,0,24,0,7,0
3023580271226120452,60,0,24,0,7,0
1133297841839630705,60,0,24,0,7,0
6624913797865497995,60,0,24,0,7,0
2778352823903630358,60,0,24,0,7,0
8688311628045346018,60,0,24,0,7,0
1237491910185675678,60,0,24,0,7,0
4564272865218984757,60,0,24,0,7,0
1261903761993313284,60,0,24,0,7,0
5148985685512675916,60,0,24,0,7,0
2357934142178929417,60,0,24,0,7,0
537311584537666554,60,0,24,0,7,0
2794820674186199577,60,0,24,0,7,0
860340575392602255,60,0,24,0,7,0
5181044290798069032,60,0,24,0,7,0
3811723403992671863,60,0,24,0,7,0
5694284847317939009,60,0,24,0,7,0
1781064186207301852,60,0,24,0,7,0
8672510419142077109,60,0,24,0,7,0
4737705316477926943,60,0,24,0,7,0
6890816814711015861,60,0,24,0,7,0
925089065393640594,0,60,0,24,0,7
1006003012278214453,60,0,24,0,7,0
6449099494722666792,60,0,24,0,7,0
6139601535969838429,60,0,24,0,7,0
8488950128828023892,60,0,24,0,7,0
2913360969132319358,0,60,0,24,0,7
696108665408195847,60,0,24,0,7,0
4754097687766967925,60,0,24,0,7,0
1724273581181379877,60,0,24,0,7,0
3172447663589071960,60,0,24,0,7,0
2819700347448798817,60,0,24,0,7,0
4988454423660194118,60,0,24,0,7,0
7054026621216095964,60,0,24,0,7,0
2145187910653872780,60,0,24,0,7,0
4456039450101971979,60,0,24,0,7,0
3366828461784334643,60,0,24,0,7,0
2123333959752016444,60,0,24,0,7,0
3659015185594902112,60,0,24,0,7,0
1269514693646078032,60,0,24,0,7,0
8270223232204355700,60,0,24,0,7,0
7991676056369309319,60,0,24,0,7,0
7181662570044419709,60,0,24,0,7,0
2801407638455680690,60,0,24,0,7,0
6818275825741879962,60,0,24,0,7,0
5245069344130602565,60,0,24,0,7,0
7314742299224579912,60,0,24,0,7,0
5917427065332714193,60,0,24,0,7,0
6815395792948949886,60,0,24,0,7,0
7786032401563249352,60,0,24,0,7,0
7054107577350095832,60,0,24,0,7,0
5531854898210054038,60,0,24,0,7,0
7622661873686725293,60,0,24,0,7,0
7154474125246657904,60,0,24,0,7,0
2891982305125898036,60,0,24,0,7,0
508869524284643422,60,0,24,0,7,0
8040588629006418233,60,0,24,0,7,0
315743336432337622,60,0,24,0,7,0
6727847259418548871,60,0,24,0,7,0
8959662572905290636,60,0,24,0,7,0
4302936770261273038,60,0,24,0,7,0
7734678648069321417,60,0,24,0,7,0
1046062902039176146,60,0,24,0,7,0
2663109925048280145,60,0,24,0,7,0
2254345540888774754,60,0,24,0,7,0
3587530059633522622,60,0,24,0,7,0
4765299198835492208,60,0,24,0,7,0
8964137125592444963,60,0,24,0,7,0
5650255503970509955,60,0,24,0,7,0
962875980890827277,60,0,24,0,7,0
8395278100631560761,60,0,24,0,7,0
8132646672482541469,60,0,24,0,7,0
4519442791230667487,60,0,24,0,7,0
5727407597195975945,60,0,24,0,7,0
3963533944148681948,60,0,24,0,7,0
1416233103411197335,60,0,24,0,7,0
6290459896917131168,60,0,24,0,7,0
2212417949779652977,60,0,24,0,7,0
7741788920496674160,60,0,24,0,7,0
2594173285337178606,60,0,24,0,7,0
3863901777055984105,60,0,24,0,7,0
8426104375367836905,60,0,24,0,7,0
4087734576384157479,60,0,24,0,7,0
8683433948643153482,60,0,24,0,7,0
2871340414765171194,60,0,24,0,7,0
6578238616992340077,60,0,24,0,7,0
2534461477512391215,60,0,24,0,7,0
3381961500543939078,0,60,0,24,0,7
8496804729674061557,60,0,24,0,7,0
4615366944897261669,60,0,24,0,7,0
6003577592509498065,60,0,24,0,7,0
4961555008481144290,60,0,24,0,7,0
6254326899789577138,60,0,24,0,7,0
191535644409838384,60,0,24,0,7,0
8519097648367688650,60,0,24,0,7,0
4623585857923217075,60,0,24,0,7,0
6310973543470827803,60,0,24,0,7,0
408633776881253683,60,0,24,0,7,0
2406818359872471913,60,0,24,0,7,0
8529403246085691548,60,0,24,0,7,0
1426217606935323315,60,0,24,0,7,0
1421802966801470384,60,0,24,0,7,0
9113289087506673201,60,0,24,0,7,0
651601963643042250,60,0,24,0,7,0
1887195649833711938,60,0,24,0,7,0
4837291871384095372,60,0,24,0,7,0
3103238502848951891,60,0,24,0,7,0
1220804311105593039,60,0,24,0,7,0
642264664026364281,60,0,24,0,7,0
3943479161449354119,60,0,24,0,7,0
436563274646675694,60,0,24,0,7,0
2671352006512594556,60,0,24,0,7,0
137489854657495758,60,0,24,0,7,0
1611710727645450442,60,0,24,0,7,0
1678415024862242015,60,0,24,0,7,0
4650201853789984532,60,0,24,0,7,0
2062343054020023628,60,0,24,0,7,0
3354378513684691706,60,0,24,0,7,0
3147193634072302011,60,0,24,0,7,0
7642900884278143798,60,0,24,0,7,0
8230366127310661909,60,0,24,0,7,0
3877708758432719766,60,0,24,0,7,0
6768331542963056385,60,0,24,0,7,0
2716610122072123243,60,0,24,0,7,0
4209944588823430790,60,0,24,0,7,0
8800720085475060489,60,0,24,0,7,0
242711181652148953,60,0,24,0,7,0
4134847630144995626,60,0,24,0,7,0
3846551985109221827,60,0,24,0,7,0
4866701305171654804,60,0,24,0,7,0
6967370440715735767,60,0,24,0,7,0
20876078165737550,60,0,24,0,7,0
9216612860263478135,60,0,24,0,7,0
7151575294756754100,60,0,24,0,7,0
3050016054725907751,0,60,0,24,0,7
3719328422544055221,0,60,0,24,0,7
8175259962852198089,60,0,24,0,7,0
38128898926494958,60,0,24,0,7,0
6754718234612588132,60,0,24,0,7,0
7368242242012280253,60,0,24,0,7,0
8366349577194256830,60,0,24,0,7,0
7764169820811597185,60,0,24,0,7,0
1841311603823846581,60,0,24,0,7,0
1723275522870193313,60,0,24,0,7,0
5417111477080634541,60,0,24,0,7,0
8834506829067843220,60,0,24,0,7,0
5287065677069465342,60,0,24,0,7,0
5687653224523048489,60,0,24,0,7,0
736435835708345794,60,0,24,0,7,0
7307536408524938619,60,0,24,0,7,0
3195911228327285325,60,0,24,0,7,0
2767103577068068757,60,0,24,0,7,0
7509719641437727143,60,0,24,0,7,0
2892878649113252550,60,0,24,0,7,0
988923299049118093,60,0,24,0,7,0
8483640397505167096,60,0,24,0,7,0
3410458533847056406,60,0,24,0,7,0
2582189222044797824,60,0,24,0,7,0
3720177516117015666,60,0,24,0,7,0
4556449031460342041,60,0,24,0,7,0
9183039874392829506,60,0,24,0,7,0
645323677651534791,60,0,24,0,7,0
1710361405993519136,60,0,24,0,7,0
4900000786372499315,60,0,24,0,7,0
8155971941784472781,60,0,24,0,7,0
9014578080729731085,60,0,24,0,7,0
387476305036639392,60,0,24,0,7,0
2538731723517285408,60,0,24,0,7,0
6938106910585917450,60,0,24,0,7,0
8947171767937824050,60,0,24,0,7,0
7829939588069662588,60,0,24,0,7,0
4357126028122353401,60,0,24,0,7,0
8412854790317869515,60,0,24,0,7,0
7149216941593745951,60,0,24,0,7,0
4384921782588123781,60,0,24,0,7,0
8592041492120976517,60,0,24,0,7,0
1979972775386961410,60,0,24,0,7,0
6272111286020234637,60,0,24,0,7,0
4469658261093288852,60,0,24,0,7,0
134748699979859945,60,0,24,0,7,0
3440150023152763801,60,0,24,0,7,0
1474571651420035343,60,0,24,0,7,0
3483396411645927810,60,0,24,0,7,0
5980850037745517411,60,0,24,0,7,0
8607596777893568554,60,0,24,0,7,0
1194514756706471547,60,0,24,0,7,0
7536503276896413286,60,0,24,0,7,0
6425044764437802241,60,0,24,0,7,0
8450230568847192152,60,0,24,0,7,0
3622746160696625191,60,0,24,0,7,0
2008206457875066270,60,0,24,0,7,0
6964794384171751493,60,0,24,0,7,0
2605698168938550591,60,0,24,0,7,0
3171801545755550071,60,0,24,0,7,0
4947206633794280564,60,0,24,0,7,0
4185310253022742428,60,0,24,0,7,0
3308515119726459062,60,0,24,0,7,0
7822589231986895187,60,0,24,0,7,0
4609555003134620292,60,0,24,0,7,0
6064066189457611359,60,0,24,0,7,0
4960244948227053133,60,0,24,0,7,0
7630373494858276351,60,0,24,0,7,0
7933815558485447335,60,0,24,0,7,0
6643300258162432834,60,0,24,0,7,0
4075965926992217371,60,0,24,0,7,0
5189564233234590326,60,0,24,0,7,0
530144866190195097,60,0,24,0,7,0
5231313848399544516,60,0,24,0,7,0
241881995341951220,60,0,24,0,7,0
2526028253610433739,60,0,24,0,7,0
4631425231309361551,60,0,24,0,7,0
6505152856942740022,60,0,24,0,7,0
6434022636725036515,60,0,24,0,7,0
4013826957569598660,60,0,24,0,7,0
3950601167028578407,60,0,24,0,7,0
2816010346575914202,0,60,0,24,0,7
8138228830840200761,60,0,24,0,7,0
2841340681613984744,60,0,24,0,7,0
6879350615676232760,0,60,0,24,0,7
6842397837840074931,60,0,24,0,7,0
1873215395956788062,60,0,24,0,7,0
6099875917665264465,60,0,24,0,7,0
162706314408379319,60,0,24,0,7,0
496712378214607442,0,60,0,24,0,7
2568288842800489906,60,0,24,0,7,0
90748735992987823,0,60,0,24,0,7
5952909218916532992,60,0,24,0,7,0
7051608002991049752,60,0,24,0,7,0
561562924423938703,60,0,24,0,7,0
4120727348870299156,60,0,24,0,7,0
4987282964952492996,60,0,24,0,7,0
3133523479278012392,60,0,24,0,7,0
2919613102776629805,60,0,24,0,7,0
1157040901941323139,60,0,24,0,7,0
4815503163100586115,60,0,24,0,7,0
6394463772226245099,60,0,24,0,7,0
3353762445094877641,60,0,24,0,7,0
8584051373895026106,60,0,24,0,7,0
7036831462703339354,60,0,24,0,7,0
6338979255553850288,60,0,24,0,7,0
4813697581234870749,60,0,24,0,7,0
7228144646776553218,60,0,24,0,7,0
4511899385475207994,60,0,24,0,7,0
1481424082964158585,60,0,24,0,7,0
3327224590797571928,60,0,24,0,7,0
7037664521076029540,60,0,24,0,7,0
5664694225952143615,60,0,24,0,7,0
3927330010262357354,60,0,24,0,7,0
4643559070421993375,60,0,24,0,7,0
4380282358594570635,60,0,24,0,7,0
7129415797029464077,60,0,24,0,7,0
6815607732912139830,60,0,24,0,7,0
348804969487166414,60,0,24,0,7,0
4868409542993444796,60,0,24,0,7,0
2660718690144309374,60,0,24,0,7,0
2225463778773087588,60,0,24,0,7,0
7149329171495429644,60,0,24,0,7,0
2977168507209690472,60,0,24,0,7,0
8294013068940058205,60,0,24,0,7,0
85496058573776375,60,0,24,0,7,0
2281235811578479437,60,0,24,0,7,0
8176728614428485349,60,0,24,0,7,0
4159576169208278958,60,0,24,0,7,0
718883255688102120,60,0,24,0,7,0
1011603928978119029,60,0,24,0,7,0
3924051146992189595,60,0,24,0,7,0
7685781704433296127,60,0,24,0,7,0
3190465920031226279,60,0,24,0,7,0
4064641368580557394,60,0,24,0,7,0
6395118195901933647,60,0,24,0,7,0
789299078711796505,60,0,24,0,7,0
2510833931154296295,60,0,24,0,7,0
3097334170388760845,60,0,24,0,7,0
6517163306061316173,60,0,24,0,7,0
7009883409524734321,60,0,24,0,7,0
8224150953804333994,60,0,24,0,7,0
4219153752219568118,0,60,0,24,0,7
7068385513626956826,60,0,24,0,7,0
5144626481277249978,60,0,24,0,7,0
8087361826665609451,0,60,0,24,0,7
8522813529556936988,60,0,24,0,7,0
1050423000865414301,60,0,24,0,7,0
1680926741370289539,60,0,24,0,7,0
6447334345695462104,60,0,24,0,7,0
2399026193076400298,60,0,24,0,7,0
6037050074272178059,60,0,24,0,7,0
5830219040296887827,60,0,24,0,7,0
3335936003001211540,60,0,24,0,7,0
1045126309015021879,60,0,24,0,7,0
8919790181899596798,60,0,24,0,7,0
2739571364086420885,60,0,24,0,7,0
7291347082411059338,60,0,24,0,7,0
9110257541249957325,60,0,24,0,7,0
5866888125675142926,60,0,24,0,7,0
328487196413370199,60,0,24,0,7,0
8923756805861578276,60,0,24,0,7,0
833633818966117127,60,0,24,0,7,0
123211612705343960,60,0,24,0,7,0
2785728619186191465,60,0,24,0,7,0
1377947555969670930,60,0,24,0,7,0
1673369251688803542,60,0,24,0,7,0
1674800709988001990,60,0,24,0,7,0
2955074410599407316,60,0,24,0,7,0
6021287657050460836,60,0,24,0,7,0
8271613698971415584,60,0,24,0,7,0
9081565435713941534,0,60,0,24,1,6
6630639946123524475,60,0,24,0,7,0
5390954985241596011,60,0,24,0,7,0
3031079282536062642,60,0,24,0,7,0
9107083553419565446,60,0,24,0,7,0
6897223714085660730,60,0,24,0,7,0
1657914466179881241,60,0,24,0,7,0
3695655790916446372,60,0,24,0,7,0
1117406928487289377,60,0,24,0,7,0
8096291521279945299,60,0,24,0,7,0
5070718812590088271,60,0,24,0,7,0
8572714274637169582,60,0,24,0,7,0
7956411844677574530,60,0,24,0,7,0
5394873121854778474,60,0,24,0,7,0
3710472706906671238,60,0,24,0,7,0
3796548763605769448,60,0,24,0,7,0
8320692381187154695,60,0,24,0,7,0
4307101616175992870,60,0,24,0,7,0
6223149910929477454,60,0,24,0,7,0
829322583666301139,60,0,24,0,7,0
2740801298160305964,60,0,24,0,7,0
1497748925258615256,60,0,24,0,7,0
5135039354209430033,60,0,24,0,7,0
1076119633369684283,60,0,24,0,7,0
1937959217534068869,60,0,24,0,7,0
3090106983743832312,60,0,24,0,7,0
2237237809358266022,60,0,24,0,7,0
6828919247294483567,60,0,24,0,7,0
2512182986562874000,60,0,24,0,7,0
8575192552537607204,60,0,24,0,7,0
2477216145893247723,60,0,24,0,7,0
1876889384293276558,0,60,0,24,0,7
7405651990117386028,60,0,24,0,7,0
8075141375282151098,0,60,0,24,0,7
4722679879134711489,60,0,24,0,7,0
2249289513487804802,60,0,24,0,7,0
4869495716967723830,60,0,24,0,7,0
741701595822447541,60,0,24,0,7,0
3092710124288815554,60,0,24,0,7,0
6569274192677174820,60,0,24,0,7,0
1744210133755904393,60,0,24,0,7,0
7761092740302803362,60,0,24,0,7,0
8749317198240040949,60,0,24,0,7,0
1671195220811095917,60,0,24,0,7,0
7858630778784836612,60,0,24,0,7,0
6995569698182112635,0,60,0,24,0,7
5684774152088884593,60,0,24,0,7,0
7342322094179381308,60,0,24,0,7,0
3155872417546754733,60,0,24,0,7,0
1517420666791910485,60,0,24,0,7,0
5415956106332294538,60,0,24,0,7,0
3554956826880089731,60,0,24,0,7,0
2082559439484903794,60,0,24,0,7,0
4730659068268248291,60,0,24,0,7,0
2099495194121319620,60,0,24,0,7,0
7266777801289640020,60,0,24,0,7,0
4315965081633644157,0,60,0,24,0,7
3324387799425454386,60,0,24,0,7,0
4390457358745595970,60,0,24,0,7,0
7853737368379666385,60,0,24,0,7,0
4491164405880369715,60,0,24,0,7,0
2370616473453925929,0,60,0,24,1,6
7615352519986901703,0,60,0,24,0,7
8103536464226981985,0,60,0,24,0,7
445481777696638394,60,0,24,0,7,0
7840525054690447810,60,0,24,0,7,0
1803103253870975098,60,0,24,0,7,0
4810725538426481229,60,0,24,0,7,0
7722193507131423111,60,0,24,0,7,0
8296188728137717274,60,0,24,0,7,0
2580432868353891756,60,0,24,0,7,0
5723059602183693938,60,0,24,0,7,0
7002072913700885678,60,0,24,0,7,0
692381542361937128,60,0,24,0,7,0
2263182823154864839,60,0,24,0,7,0
4921318406079072062,60,0,24,0,7,0
7361482816753954415,60,0,24,0,7,0
3274870690774289261,0,60,0,24,0,7
7716116137408994033,60,0,24,0,7,0
8148820598354743315,60,0,24,0,7,0
6108134281452806312,60,0,24,0,7,0
8052008735012309622,60,0,24,0,7,0
4048260542361593404,60,0,24,0,7,0
1584227832228748191,60,0,24,0,7,0
3834369361166099029,60,0,24,0,7,0
3180329078858674822,60,0,24,0,7,0
3603690824936613136,0,60,0,24,0,7
1544358724428482157,60,0,24,0,7,0
1997479607853560123,60,0,24,0,7,0
2042700843188950278,60,0,24,0,7,0
3072131744791388254,60,0,24,0,7,0
9101504506728367149,0,60,0,24,0,7
501557351127961254,60,0,24,0,7,0
464711645090421883,60,0,24,0,7,0
3087615340674305933,60,0,24,0,7,0
8461613091533095774,60,0,24,0,7,0
3876913795186211299,60,0,24,0,7,0
6605212453505276838,60,0,24,0,7,0
1557482717345335103,60,0,24,0,7,0
3176187621963451486,60,0,24,0,7,0
8764994161421475115,60,0,24,0,7,0
676763472583162557,60,0,24,0,7,0
5016480536639927094,0,60,0,24,0,7
6814306481052341158,60,0,24,0,7,0
8947841941886455850,60,0,24,0,7,0
6246888826099900117,0,0,0,0,0,0
4125749385970842558,60,0,24,0,7,0
5428821353147070018,60,0,24,0,7,0
349491419735784823,60,0,24,0,7,0
7939408112678964710,60,0,24,0,7,0
8836897458363373491,0,0,0,0,0,0
307252058134940443,60,0,24,0,7,0
2921770204752359016,60,0,24,0,7,0
7457598832917448197,60,0,24,0,7,0
4935066755090985947,60,0,24,0,7,0
8443166692502137580,60,0,24,0,7,0
481748696350437800,60,0,24,0,7,0
7700782639388559644,0,0,0,0,0,0
7627757745553126748,60,0,24,0,7,0
8995029077226708233,60,0,24,0,7,0
8241785172941545104,0,60,0,24,0,7
2202905953960871723,60,0,24,0,7,0
282961189894707970,60,0,24,0,7,0
7705704224154861503,60,0,24,0,7,0
3221083846528497339,0,0,0,0,0,0
5318368100057037657,60,0,24,0,7,0
4390048489293736111,60,0,24,0,7,0
2016565369944499085,0,60,0,24,0,7
4878597495740729960,60,0,24,0,7,0
1294431501377137231,60,0,24,0,7,0
3100917498444136638,60,0,24,0,7,0
2283326886077480849,60,0,24,0,7,0
7319192595533639485,60,0,24,0,7,0
2325421978944839371,60,0,24,0,7,0
1137506062745200344,60,0,24,0,7,0
7743226762244915066,60,0,24,0,7,0
3376937250501459788,60,0,24,0,7,0
5997377278956736066,60,0,24,0,7,0
3525217287585506425,0,60,0,24,0,7
1096872701492823086,60,0,24,0,7,0
3214657992563658298,60,0,24,0,7,0
6542402508110491030,60,0,24,0,7,0
672830130783150329,60,0,24,0,7,0
1679125777935837910,60,0,24,0,7,0
524424375831607693,60,0,24,0,7,0
5868001912106365545,0,60,0,24,0,7
2570905277901393,0,60,0,24,0,7
7419279836359327578,0,60,0,24,0,7
2871744755394716254,60,0,24,0,7,0
7292123869692249136,60,0,24,0,7,0
4374590582324658648,60,0,24,0,7,0
8757676517980297232,60,0,24,0,7,0
3518990827468643381,60,0,24,0,7,0
8135193053359966217,0,60,0,24,0,7
3878550062955418195,60,0,24,0,7,0
5758909729888825914,60,0,24,0,7,0
5027879983581438187,60,0,24,0,7,0
6612147814941152334,60,0,24,0,7,0
1559723180979043212,60,0,24,0,7,0
8361717064277232708,0,60,0,24,0,7
6776660075252450013,60,0,24,0,7,0
5026004132212160099,60,0,24,0,7,0
5388935248895761872,60,0,24,0,7,0
5183090772613686032,60,0,24,0,7,0
933257307636497177,0,60,0,24,0,7
5708123000330918881,60,0,24,0,7,0
8906868960433775125,60,0,24,0,7,0
5710137538735180562,0,60,0,24,0,7
6848695376585887688,60,0,24,0,7,0
79410870082912863,60,0,24,0,7,0
8709632713343707346,60,0,24,0,7,0
6441665535053935615,60,0,24,0,7,0
5778112609901121786,60,0,24,0,7,0
141753187992730294,60,0,24,0,7,0
2792168571159568841,60,0,24,0,7,0
9202711225687266799,60,0,24,0,7,0
878139025814445971,0,60,0,24,0,7
4710533343394935308,0,60,0,24,0,7
2504779327876790449,60,0,24,0,7,0
6646447631738072063,60,0,24,0,7,0
5529531397122473369,60,0,24,0,7,0
4061536459139402475,0,60,0,24,0,7
9170766298242897196,60,0,24,0,7,0
2071941973789996796,60,0,24,0,7,0
6059015472672021760,60,0,24,0,7,0
8599679179604682073,60,0,24,0,7,0
7516339311818737482,60,0,24,0,7,0
191562357790381001,60,0,24,0,7,0
177568850000954941,60,0,24,0,7,0
9084273254897517786,60,0,24,0,7,0
397600146078654208,60,0,24,0,7,0
3279533685089575769,60,0,24,0,7,0
8102723740528243988,60,0,24,0,7,0
4519847343605813957,60,0,24,0,7,0
3138716926638067075,60,0,24,0,7,0
6531216163850971987,60,0,24,0,7,0
3651177174912636930,60,0,24,0,7,0
2588334495218220560,60,0,24,0,7,0
5104746221802352026,0,60,0,24,0,7
2532387003446483071,60,0,24,0,7,0
5084145413698100972,60,0,24,0,7,0
4905352331898504238,60,0,24,0,7,0
4831662131951327865,60,0,24,0,7,0
306126560605825989,60,0,24,0,7,0
1060707578719574169,60,0,24,0,7,0
1747417131578572248,60,0,24,0,7,0
4395706636990358653,60,0,24,0,7,0
1296969062983847515,0,60,0,24,0,7
6461867146274191931,60,0,24,0,7,0
6028655904317149623,60,0,24,0,7,0
7975231457181971360,60,0,24,0,7,0
1651564060735036147,0,60,0,24,0,7
1732264475484165105,60,0,24,0,7,0
6998859195103405010,60,0,24,0,7,0
4259647692380095785,60,0,24,0,7,0
8902299702965892833,60,0,24,0,7,0
6484467892009081204,60,0,24,0,7,0
8290268997458051251,60,0,24,0,7,0
5725087496079372631,0,60,0,24,0,7
5852272032944223823,60,0,24,0,7,0
1281520463164440962,60,0,24,0,7,0
3415552651623459554,60,0,24,0,7,0
7922162555868442692,60,0,24,0,7,0
5902744747163656783,60,0,24,0,7,0
3886022363052852641,60,0,24,0,7,0
3116870177461023991,0,60,0,24,0,7
8942380159672705417,60,0,24,0,7,0
1381832992700230547,60,0,24,0,7,0
1834569743158088021,60,0,24,0,7,0
3827100672599422991,0,60,0,24,0,7
4535165052639226602,60,0,24,0,7,0
4624768045009788959,60,0,24,0,7,0
3111198822183739130,60,0,24,0,7,0
2557363912224593999,60,0,24,0,7,0
4684291973997906681,0,60,0,24,0,7
2108350399151974088,60,0,24,0,7,0
3001693339384060516,0,60,0,24,0,7
8495281535067179117,60,0,24,0,7,0
3325823117034156243,60,0,24,0,7,0
2290582861195917029,0,60,0,24,0,7
4674224899881959248,60,0,24,0,7,0
6519698837197761770,60,0,24,0,7,0
2797134052594719661,60,0,24,0,7,0
7841585568073255400,60,0,24,0,7,0
2358207722040528228,0,0,0,0,0,0
7977754422962025886,60,0,24,0,7,0
4965057486435340575,60,0,24,0,7,0
1437796131400289062,60,0,24,0,7,0
3799758034606027869,60,0,24,0,7,0
969831609893401859,60,0,24,0,7,0
4054909995682804339,60,0,24,0,7,0
1630813798603374895,60,0,24,0,7,0
6358993016251721168,60,0,24,0,7,0
8479469354011758083,60,0,24,0,7,0
710854884319862444,60,0,24,0,7,0
5673754807804657119,0,60,0,24,0,7
817700132037534726,60,0,24,0,7,0
5170540902124875597,60,0,24,0,7,0
3936197001257345509,60,0,24,0,7,0
3324030567183829850,60,0,24,0,7,0
8659692992028645780,60,0,24,0,7,0
1664265874450832999,0,60,0,24,0,7
7898667015744190266,60,0,24,0,7,0
9122327436359134395,60,0,24,0,7,0
2010540582178762234,0,60,0,24,0,7
2363699937235359496,60,0,24,0,7,0
4487250929451640889,0,60,0,24,0,7
6202874450801049187,60,0,24,0,7,0
7036913901882127069,60,0,24,0,7,0
4570376724461640343,60,0,24,0,7,0
8836239128803785123,60,0,24,0,7,0
6898111479526843359,60,0,24,0,7,0
3817922523403509064,60,0,24,0,7,0
644860652831162771,60,0,24,0,7,0
4434978090183605049,60,0,24,0,7,0
2930875376885155428,60,0,24,0,7,0
2838051631963942820,60,0,24,0,7,0
486764243726438964,60,0,24,0,7,0
6689427889881059325,60,0,24,0,7,0
1309908774758601076,0,60,0,24,0,7
1233056938302620872,60,0,24,0,7,0
4772983661543377345,60,0,24,0,7,0
6684297343459593518,0,60,0,24,0,7
4748894710350229520,60,0,24,0,7,0
8329758687101833789,0,60,0,24,0,7
4668147078195147229,60,0,24,0,7,0
3972055081092152522,60,0,24,0,7,0
7580383002407053952,0,60,0,24,0,7
2983617383176659641,60,0,24,0,7,0
8465465452650771902,60,0,24,0,7,0
8644402335104961570,60,0,24,0,7,0
5545888587670187180,60,0,24,0,7,0
8379971763753814428,60,0,24,0,7,0
6838551673789714614,60,0,24,0,7,0
1358738116955407053,60,0,24,0,7,0
8385490416967544700,60,0,24,0,7,0
6234775546907779886,60,0,24,0,7,0
6806274754953901313,60,0,24,0,7,0
6098179750099376245,60,0,24,0,7,0
6920504641580381468,60,0,24,0,7,0
2698644033932193210,60,0,24,0,7,0
5463331764180716776,60,0,24,0,7,0
7651829624924720340,60,0,24,0,7,0
3151957513212926962,60,0,24,0,7,0
2880498584944229415,60,0,24,0,7,0
7555688063789725141,0,60,0,24,0,7
7891666264586996779,60,0,24,0,7,0
2890779009337846714,60,0,24,0,7,0
4041381601238850553,60,0,24,0,7,0
496208741215777219,60,0,24,0,7,0
813383464952749649,60,0,24,0,7,0
7552925964104541935,0,60,0,24,0,7
4378492065940312953,60,0,24,0,7,0
7760449579699000140,60,0,24,0,7,0
7690722502339813384,0,0,0,0,0,0
4922630519017762219,0,60,0,24,0,7
6225371338789796318,60,0,24,0,7,0
1553648756624102112,0,60,0,24,0,7
4397155678021831521,60,0,24,0,7,0
3062531608759368001,60,0,24,0,7,0
8537357353468428438,60,0,24,0,7,0
9054956925766687428,60,0,24,0,7,0
1808275759627154762,60,0,24,0,7,0
1075549594145813154,60,0,24,0,7,0
7532337002930532618,60,0,24,0,7,0
8363653675130006444,0,60,0,24,0,7
1485188300216859385,60,0,24,0,7,0
3731106613640217396,60,0,24,0,7,0
5159242830714471711,60,0,24,0,7,0
4039828448871395030,60,0,24,0,7,0
5525662075482893737,60,0,24,0,7,0
3266587225058570071,60,0,24,0,6,1
8251575465856044992,0,60,0,24,0,7
2161746609543758252,0,60,0,24,0,7
6223771063944997356,60,0,24,0,7,0
3881638612601009783,60,0,24,0,7,0
4163052168475555173,60,0,24,0,7,0
2986435973011021755,60,0,24,0,7,0
6929498533838585770,60,0,24,0,7,0
9021701344154900094,60,0,24,0,7,0
2398303897520414941,60,0,24,0,7,0
3761065392460649801,60,0,24,0,7,0
346732276444269746,60,0,24,0,7,0
7212285958498665217,60,0,24,0,7,0
7820190298397736787,60,0,24,0,7,0
7181940308001112593,0,60,0,24,0,7
6153968559027405656,60,0,24,0,7,0
3231279523890053664,60,0,24,0,7,0
1016295610192823996,60,0,24,0,7,0
1133995665442958764,60,0,24,0,7,0
8942965825816944801,60,0,24,0,7,0
37470044882853971,60,0,24,0,7,0
3766132760496582426,60,0,24,0,7,0
1613282803503313704,60,0,24,0,7,0
4453200001850213794,60,0,24,0,7,0
4455735988009063100,60,0,24,0,7,0
6022548883305393564,60,0,24,0,7,0
5181449210027169649,60,0,24,0,7,0
7422816402006494705,60,0,24,0,7,0
7145644558278364540,60,0,24,0,7,0
1391578054319204544,60,0,24,0,7,0
7485668601594155846,60,0,24,0,7,0
4950474645116931067,60,0,24,0,7,0
9073612600316189573,60,0,24,0,7,0
9010652248656853541,60,0,24,0,7,0
4429898976557648053,60,0,24,0,7,0
6154061540544049456,60,0,24,0,7,0
7686137658412217051,60,0,24,0,7,0
4307011245033810874,60,0,24,0,7,0
2095459335109010700,60,0,24,0,7,0
43809554671079068,60,0,24,0,7,0
5401719649147588482,60,0,24,0,7,0
7062905927661885427,60,0,24,0,7,0
1699651756029065556,60,0,24,0,7,0
3778051141133636018,60,0,24,0,7,0
3940995520753716453,60,0,24,0,7,0
3442307498217032229,60,0,24,0,7,0
2583143055026783161,60,0,24,0,7,0
1357357707709615495,60,0,24,0,7,0
8956479198572544923,60,0,24,0,7,0
8406660746467039288,60,0,24,0,7,0
1996879667510324493,60,0,24,0,7,0
304199174738670686,60,0,24,0,7,0
7623748547333625211,60,0,24,0,7,0
7071199965586852400,60,0,24,0,7,0
5088232387365478214,60,0,24,0,7,0
2742922331345394000,60,0,24,0,7,0
680244913473039584,60,0,24,0,7,0
38494670445584126,60,0,24,0,7,0
1867129776957388856,60,0,24,0,7,0
4666478281642635170,60,0,24,0,7,0
7960433717803174215,60,0,24,0,7,0
334011774407854457,60,0,24,0,7,0
773398263208964303,60,0,24,0,7,0
5515261821783369734,60,0,24,0,7,0
8513423004785338269,60,0,24,0,7,0
8593011391038305146,60,0,24,0,7,0
7908837353164746637,60,0,24,0,7,0
6284935932914875037,60,0,24,0,7,0
5995819626305166303,0,60,0,24,0,7
7368300954862397020,60,0,24,0,7,0
7064121089833202783,60,0,24,0,7,0
5739453570641890165,60,0,24,0,7,0
3417376056309540963,60,0,24,0,7,0
2627949047200693648,60,0,24,0,7,0
7614824149049759851,60,0,24,0,7,0
9139859946591541073,60,0,24,0,7,0
3382325020390614369,60,0,24,0,7,0
3489386427079348307,60,0,24,0,7,0
1123487660396302079,60,0,24,0,7,0
3389925435981916933,60,0,24,0,7,0
3988980653839902450,60,0,24,0,7,0
8839009347165021967,60,0,24,0,7,0
1278461692341555618,60,0,24,0,7,0
8809799121269812533,60,0,24,0,7,0
9188979807402140237,0,60,0,24,0,7
8784594069228183819,60,0,24,0,7,0
3312822221640788687,60,0,24,0,7,0
2224633483133862256,60,0,24,0,7,0
1344403235720685253,60,0,24,0,7,0
5579953472163538559,60,0,24,0,7,0
2151973904300585698,60,0,24,0,7,0
7446219799268180208,60,0,24,0,7,0
3007094325006098068,60,0,24,0,7,0
9172487549403461832,60,0,24,0,7,0
630292852266253805,60,0,24,0,7,0
5521678837855601848,60,0,24,0,7,0
8730399242819058939,60,0,24,0,7,0
5043554865492581576,60,0,24,0,7,0
5697155219085653154,60,0,24,0,7,0
8886290665854894018,60,0,24,0,7,0
1898198222319616166,60,0,24,0,7,0
7172730440179813521,60,0,24,0,7,0
2364001532981692239,60,0,24,0,7,0
2140375526641124687,60,0,24,0,7,0
1442963160772984486,60,0,24,0,7,0
8234273159753081342,60,0,24,0,7,0
7233205756400294189,0,60,0,24,0,7
2289103968749336193,60,0,24,0,7,0
5594549218120174459,60,0,24,0,7,0
2044998118361987443,60,0,24,0,7,0
361716544185527290,60,0,24,0,7,0
768992666525847309,60,0,24,0,7,0
4850204515532696415,60,0,24,0,7,0
8429834285088527870,60,0,24,0,7,0
3192627048799455127,0,60,0,24,0,7
548295011926673241,60,0,24,0,7,0
5462798746166483767,60,0,24,0,7,0
3977618889176886581,60,0,24,0,7,0
4980781886232290796,60,0,24,0,7,0
2627249392969556810,60,0,24,0,7,0
2050586918958824129,60,0,24,0,7,0
118180560078308617,60,0,24,0,7,0
2975117558261201058,60,0,24,0,7,0
724510460620675058,60,0,24,0,7,0
1570635880469678418,60,0,24,0,7,0
5483820175624871199,60,0,24,0,7,0
6033078927093216807,60,0,24,0,7,0
3199288788810367360,60,0,24,0,7,0
7202588923969584853,60,0,24,0,7,0
6421416286321404209,60,0,24,0,7,0
6818387988668717003,60,0,24,0,7,0
9211995737466090909,60,0,24,0,7,0
4920096550208389044,60,0,24,0,7,0
1550203968025891397,60,0,24,0,7,0
8447045235971803982,60,0,24,0,7,0
5423470511331929821,60,0,24,0,7,0
435051855806923332,60,0,24,0,7,0
3541353119221923006,60,0,24,0,7,0
6721499373987291092,60,0,24,0,7,0
1996431885715511835,60,0,24,0,7,0
3244416014836413428,60,0,24,0,7,0
9031885127618044000,60,0,24,0,7,0
5555294334474503122,60,0,24,0,7,0
2240093105897642438,60,0,24,0,7,0
5251395236018998652,60,0,24,0,7,0
1843512914997006014,60,0,24,0,7,0
4121315294176263656,60,0,24,0,7,0
5720380353339050384,60,0,24,0,7,0
7548974828245495429,60,0,24,0,7,0
4043114406104046085,60,0,24,0,7,0
1921149783490964896,60,0,24,0,7,0
145932111898266027,0,60,0,24,0,7
8386127488995557401,60,0,24,0,7,0
3285916384111124799,60,0,24,0,7,0
3078545593976422744,60,0,24,0,7,0
657686733087973241,60,0,24,0,7,0
6992375092785473080,60,0,24,0,7,0
7824496333780314988,60,0,24,0,7,0
7681219113084292190,0,60,0,24,1,6
6065745739958044440,60,0,24,0,7,0
6941960659207694021,60,0,24,0,7,0
3046069343275256712,60,0,24,0,7,0
2203844020893136410,60,0,24,0,7,0
8185219830277424365,60,0,24,0,7,0
8886126996371747465,60,0,24,0,7,0
4016766006274076319,60,0,24,0,7,0
5557004658524775227,60,0,24,0,7,0
5769883416209964977,60,0,24,0,7,0
3724315377202128693,60,0,24,0,7,0
3810148142101161901,60,0,24,0,7,0
1193885630958865179,60,0,24,0,7,0
2975973623605520096,60,0,24,0,7,0
3166009110936118442,60,0,24,0,7,0
3270464776727682483,60,0,24,0,7,0
1994150584888533600,60,0,24,0,7,0
4139280937068935419,60,0,24,0,7,0
6238837396367935249,60,0,24,0,7,0
6758064066003305472,60,0,24,0,7,0
6344854658537020671,60,0,24,0,7,0
5553970289224077739,60,0,24,0,7,0
6730677738029971201,0,60,0,24,0,7
8571850359955978025,60,0,24,0,7,0
4424946105527141451,60,0,24,0,7,0
4294215649883136802,60,0,24,0,7,0
2982850244696162903,60,0,24,0,7,0
7931865034804179193,0,60,0,24,0,7
2979399194637860877,0,60,0,24,0,7
6158948261110583115,60,0,24,0,7,0
7131977402881941682,60,0,24,0,7,0
4422667853732740853,60,0,24,0,7,0
2527043948473227576,0,60,0,24,0,7
4832843645680913123,60,0,24,0,7,0
3830830144736939469,60,0,24,0,7,0
6533596945797765636,60,0,24,0,7,0
752194679061774101,60,0,24,0,7,0
3045050334558079852,60,0,24,0,7,0
815760176960221778,60,0,24,0,7,0
1812517191230394418,60,0,24,0,7,0
8542513102820361049,60,0,24,0,7,0
5617498176877551491,60,0,24,0,7,0
4961100228197364387,60,0,24,0,7,0
4805710420772355934,60,0,24,0,7,0
6975655296038184230,60,0,24,0,7,0
845353131761050336,60,0,24,0,7,0
2968514385177440611,60,0,24,0,7,0
1298971205638818613,60,0,24,0,7,0
3080196082056277042,0,60,0,24,1,6
3509204888124190501,60,0,24,0,7,0
4267579155632310287,60,0,24,0,7,0
3151564570600703560,60,0,24,0,7,0
7114973886890345527,60,0,24,0,7,0
4049658379685781538,60,0,24,0,7,0
3706963076124926642,60,0,24,0,7,0
1513816670033534227,60,0,24,0,7,0
5311697439837459477,60,0,24,0,7,0
173113714660183551,60,0,24,0,7,0
8155057726135006922,60,0,24,0,7,0
2871436819514984784,60,0,24,0,7,0
7826090717874660698,60,0,24,0,7,0
6352876812050536028,60,0,24,0,7,0
4618422978177811321,60,0,24,0,7,0
7120523238505400804,60,0,24,0,7,0
3665728078003507347,60,0,24,0,7,0
8358933082820927791,60,0,24,0,7,0
387220392248313355,60,0,24,0,7,0
685049524857579475,60,0,24,0,7,0
922677094745545948,60,0,24,0,7,0
3388463290798964336,0,60,0,24,0,7
8504647545260410530,60,0,24,0,7,0
2170373964803374223,60,0,24,0,7,0
3568138611405656146,60,0,24,0,7,0
969858390515923502,60,0,24,0,7,0
7722103629108669026,60,0,24,0,7,0
5484740482186213372,60,0,24,0,7,0
6686121439004268836,60,0,24,0,7,0
6639045005250299128,60,0,24,0,7,0
2558488701841643639,60,0,24,0,7,0
4503019481886697696,60,0,24,0,7,0
3075359803340043399,0,60,0,24,0,7
8496394061067745920,60,0,24,0,7,0
3155975026942056635,60,0,24,0,7,0
3537992501980473275,60,0,24,0,7,0
5853179402261622109,60,0,24,0,7,0
9036767735074774918,60,0,24,0,7,0
2696644192611925431,60,0,24,0,7,0
6320797491700879022,60,0,24,0,7,0
2847150131781104655,60,0,24,0,7,0
388508865383559310,60,0,24,0,7,0
2823570362328364381,60,0,24,0,7,0
3135084636706931135,60,0,24,0,7,0
5061944589253283189,60,0,24,0,7,0
8842153594493792797,60,0,24,0,7,0
4882699837263508371,60,0,24,0,7,0
317071197431838664,60,0,24,0,7,0
3928497663655320190,60,0,24,0,7,0
7743096998119031522,60,0,24,0,7,0
1903492784538685014,60,0,24,0,7,0
8236453004101688782,0,60,0,24,0,7
7169713609408913639,60,0,24,0,7,0
4683660238197535839,60,0,24,0,7,0
757369495025202880,60,0,24,0,7,0
1457875571895472465,60,0,24,0,7,0
9003478034329798807,60,0,24,0,7,0
9084612798618943494,60,0,24,0,7,0
1344757467945265829,60,0,24,0,7,0
2970425113455066479,0,60,0,24,0,7
759577923095203297,60,0,24,0,7,0
2885015242785315990,60,0,24,0,7,0
2307649890743275844,0,60,0,24,0,7
713193302403568117,60,0,24,0,7,0
